code,name,specification,unit
04987666601412,0.05N　水酸化ﾅﾄﾘｳﾑNAOH,30ml,箱
04987551066906,HK半流動生培地,50ﾏｲ,箱
04987479115472,N-A　L　Mg-H 　R2,10mlx2,箱
04987479117865,N-A　L　Mg-H(B)　R1,20mlx4,箱
04987562112500,ｲﾑﾉｻﾞｰﾙ,18L,箱
04987518314835,ｴｸﾙｰｼｽ　TSH ｷｬﾘﾌﾞﾚｰﾀ,10T,箱
04987518314590,ｴｸﾙｼｰｽ TSH,200T,箱
04987793106019,ｶﾞﾝﾏ-ｸｲﾝ,10ML,箱
04987793105869,ｶﾞﾝﾏｰﾌﾞﾛﾒﾘﾝ溶液,10ml,箱
04987793105876,ｶﾞﾝﾏ-ﾌｨｼﾝ溶液,10cc,箱
04987562134809,ｺｱｸﾞﾄﾛｰﾙ1X･2X,1ｾｯﾄ,箱
04987026111353,ｾﾛｱｲﾃﾞﾝｽﾄﾚﾌﾟﾄｷｯﾄ,50T,箱
04965838891441,ﾀﾞｲﾔｶﾗｰ･ｷｬﾘﾌﾞﾚｰﾀｰ,5mlx3,箱
04987026126043,ﾁｵｸﾞﾘｺｰﾙ酸培地I,300g,箱
04987562170609,ﾆｭｰﾕﾘｽﾃｲﾝ,10mlx5,箱
04987270290118,ﾗｲﾌｫﾁｪｯｸｲﾑﾉｱｯｾｲ TMJｺﾝﾄﾛｰﾙ血清,3MLX3X2,箱
05700699441287,Cal　1溶液,200ml,箱
05700699441294,Cal　2溶液,200ml,箱
04987503600752,CRP(Ⅱ)標準液H,2mlx5,箱
04517715200527,EA-50,500cc,箱
04987666601443,HTMﾌﾞﾛｽ,10ﾎﾝ,箱
04987666601436,LHBﾌﾞﾛｽ,10ﾎﾝ,箱
04987302045150,NALC-NAOH,15T,箱
04517715200428,OG-6,500cc,箱
04987555251144,PASA培地,20ﾏｲ,箱
04987562115808,QAPﾄﾛｰﾙⅠX･ⅡX,5mlx5x2,箱
04987427122002,Rh-hr ｺﾝﾄﾛｰﾙ,10ml,箱
04987562020225,SEｼｰｽ 2,4.6L,箱
04517715201517,YM式液状検体固定液,500cc,箱
04987274104022,ｱｲｿﾃﾞｨｽｸ　BCN,50ﾏｲ,箱
04987551087000,ｱｼｯﾄﾞﾌﾟﾗｽ,200ml,箱
04517715409418,亜硫酸水,500ml,箱
04517715156824,ｱﾙﾎｽ染色ｷｯﾄ,15T,箱
04987177600362,ｲﾉｷｭﾗﾑH20,3mlx60,箱
04987562112401,ｲﾑﾉｻﾞ-ﾙ,5L,箱
04987562144006,ｳﾞｨﾗﾄﾛｰﾙ14400,3mlﾌﾞﾝX3X2,箱
04517715320027,ｴｵｼﾝY　1％,500cc,箱
04517715157029,ｴｽﾃﾗｰｾﾞAS-Dｷｯﾄ,10T,箱
04517715156923,ｴｽﾃﾗｰｾﾞ染色ｷｯﾄ,10回,箱
04987666601566,塩化第二鉄/TDA,30mlx1,箱
04987026258003,ｵﾌﾟﾄﾋﾝﾃﾞｲｽｸOP,50ﾏｲ,箱
04517715409111,1％　過よう素酸,500ml,箱
04987666601597,希釈水,60ﾎﾝ,箱
,ｷﾔﾋﾟﾛｯﾄ,100ﾏｲ,箱
04517715150037,ｷﾞﾑｻﾞ染色液,500ml,箱
04517715200329,ｷﾞﾙﾍﾏﾄｷｼﾘﾝV,500cc,箱
04987431553977,ｸﾘｱﾋﾞｭｰ ｸﾗﾐｼﾞｱ,20T,箱
04987562118403,ｸﾞﾘｺHBｺﾝﾄﾛｰﾙ,65MGx4x2,箱
04987486705086,ｸﾞﾙｺｰｽ用緩衝液Ⅱ,2lx5,箱
04987427143007,抗ﾋﾄIGG血清,10cc,箱
04987177600447,ｺﾊﾞｯｸ試薬/IND,30mlx1,箱
04517715421625,ｻﾌﾗﾆﾝO,500ml,箱
04987666601528,ｻﾙﾌｧﾆﾙ酸/NIT1,30mlx1,箱
04517715409227,ｼｯﾌ試薬,500cc,箱
04987562203185,ｽﾄﾏﾄﾗｲｻﾞｰIM,5l,箱
04987026046051,ｽﾄﾚﾌﾟﾄ ﾍﾓｻﾌﾟﾘﾒﾝﾄ,5ﾎﾝ,箱
04987551152005,ｽﾌﾟﾀｻﾞｲﾑ,10ﾎﾝ,箱
04987551152012,ｽﾌﾟﾀｻﾞｲﾑ,250ml×6ﾎﾝ,箱
04987555015870,ｾﾌｨﾅｰｾﾞﾃﾞｨｽｸ,50ﾏｲ,箱
04987562200467,ｾﾙｸﾘｰﾝ CL-50,50ML,箱
04987270207727,ｾﾛﾃﾞｨｱ MYCO2,5TX5,箱
04987481284692,炭酸ﾘﾁｳﾑ,25G,箱
04987481266636,10％　中性緩衝ﾎﾙﾏﾘﾝ液,20L,箱
04987026275321,ﾎﾟｱ･ﾁｮｺﾚｰﾄ寒天培地,10ﾏｲ,箱
04987518501525,ﾄﾛｯﾌﾟT ｾﾝｼﾃｨﾌﾞ,5T,箱
04987666601580,α-ﾅﾌﾄｰﾙ/VP2,30ml,箱
04987666601542,α-ﾅﾌﾁﾙｱﾐﾝ/NIT2,30mlx1,箱
04987274378805,ﾈｽｺBIL標準血清,2X5,箱
04987486705055,濃縮洗浄液,30MLx1,箱
04987302055050,ﾊｰﾄｲﾝﾌｭｰｼﾞｮﾝ寒天培地,300G,箱
04987427125102,ﾊﾞｲｵｸﾛﾝ抗E,5cc,箱
04987427144103,ﾊﾞｲｵｸﾛｰﾝ抗C 3B C3D,3cc,箱
04987427124105,ﾊﾞｲｵｸﾛｰﾝ抗C(ｽﾓｰﾙ),5ML,箱
04987427121005,ﾊﾞｲｵｸﾛｰﾝ抗D血清,10cc,箱
04987427123108,ﾊﾞｲｵｸﾛｰﾝ抗C,5ML,箱
04987026214672,ﾊﾟｰﾙｺｱ白糖加SSS寒天培地,280g,箱
04517715431020,病理染色用溶剤 ｴﾀﾉｰﾙ100,18L,箱
04987302058716,ﾌｪｲﾊﾞｰG｢ﾆｯｽｲ｣脱色液,500cc,箱
04987302058723,ﾌｪｲﾊﾞｰG染色液Aﾋﾞｸﾄﾘｱﾌﾞﾙｰ,500ml,箱
04987481309432,ﾌｪﾛｼｱﾝ化ｶﾘｳﾑ,25g,箱
04987502278310,複合因子 T,120T,箱
04987502278334,複合因子 H,120T,箱
04987551100501,ﾌﾞﾛｽﾐﾂｸMTB-1,5T,箱
04987551100525,ﾌﾞﾛｽﾐｯｸNTM,10T,箱
04987551066203,ﾌﾞﾙｾﾗHK寒天培地(RS),20ﾏｲ,箱
04987177600300,ﾌﾟﾛﾝﾌﾟﾄ,60ﾎﾝ,箱
04987177600416,ﾍﾟﾌﾟﾁﾀﾞｰｾﾞ試薬/PEP,30mlx1,箱
04987026156200,ﾎﾟｱﾖｳ血液寒天培地M58,10ﾏｲ,箱
04987551067002,ﾏｲｺﾌﾞﾛｽ,4mlx20,箱
04987551086003,ﾏｲｺｱｼｯﾄﾞ,20T,箱
04987302052363,ﾏﾝﾆｯﾄ食塩培地 顆粒,300g,箱
04517715150532,ﾒｲｸﾞﾘｭﾝﾜﾙﾄﾞ染色液,500ml,箱
04987481289253,メチルアルコール,500cc,箱
04987585326076,ﾗﾋﾟｯﾄﾞID32ｽﾄﾚｯﾌﾟ ｱﾋﾟ,25T,箱
04987427156007,ﾘｿﾞﾙﾌﾞﾊﾟﾈﾙA,11x3ml,箱
05700699441317,ﾘﾝｽ溶液,600ml,箱
04987270219942,ﾙﾐﾊﾟﾙｽ洗浄液,1000ml,箱
04987270219973,ﾙﾐﾊﾟﾙｽ基質液,6x100ml,箱
04987270219935,ﾙﾐﾊﾟﾙｽ 検体希釈液,4x300ml,箱
04987559823006,N-ﾏﾙﾃｽﾃｲｯｸｽSG-L,100ﾏｲ,箱
0382902520306,ﾗﾋﾟｯﾄﾞﾋﾟﾛﾘ抗原 検体希釈液,20ﾎﾝ,箱
04987666601429,ﾐﾈﾗﾙｵｲﾙ,250ML,箱
04987026207063,ﾊﾟｰﾙｺｱ ﾄﾞﾘｶﾞﾙｽｷｰ改良培地,300G,箱
04987026127606,KBﾃﾞｨｽｸ　NA,51ﾏｲX2,箱
04987295386353,ﾃﾞﾀﾐﾅL TCⅡ S R2,50MLX4,箱
04987427142000,ｸﾞﾘｰﾝｸｰﾑｽ血清 ﾊﾞｲｵｸﾛｰﾝ,10ML,箱
04987539777558,ｼｶﾘｷｯﾄﾞγ-GT J(EPS200)R1,200MLX3,箱
04987026178998,E-BD13　好気用ﾚｽﾞﾝﾎﾞﾄﾙ,50ﾎﾝ,箱
04987026098760,E-BD04　嫌気用ﾚｽﾞﾝﾎﾞﾄﾙ,50ﾎﾝ,箱
04987539779392,ﾄﾚｰｽｷｬﾘﾌﾞ,1MLX3,箱
04571226470664,Binax NOW ﾚｼﾞｵﾈﾗ,12ﾃｽﾄ,箱
04987793111990,ｶﾞﾝﾏ EGA ｷｯﾄ,20ﾃｽﾄ,箱
04987539777442,ｼｶﾘｷｯﾄﾞAST(EPS150)R2,150MLX2,箱
04987539777466,ｼｶﾘｷｯﾄﾞALT(EPS150)R2,150MLX2,箱
04987539777510,ｼｶﾘｷｯﾄﾞLDH J(EPS200)R1,200MLX3,箱
04987539777527,ｼｶﾘｷｯﾄﾞLDH J(EPS150)R2,150MLX2,箱
04987486712374,流路洗浄液,250ML,箱
04987595102523,ｲﾝｽﾀﾝﾄ 燐酸緩衝液 1 PH6.4 20倍濃縮液,50MLX10,箱
04987302510023,血液寒天培地EX,10ﾏｲ,箱
04987026109626,KBﾃﾞｨｽｸ　BIPM,51X2,箱
04987026116853,KBﾃﾞｨｽｸ　PAP,51ﾏｲX2,箱
04517715436117,ETﾊﾟｯｸｾｯﾄ,10ﾎﾝ,箱
04987562201068,血液凝固試験用標準ﾋﾄ血漿,1MLX6,箱
04987177605657,Pos MIC 3.3J,20ﾏｲ,箱
04987177604179,Neg Combo 6.11B,20ﾏｲ,箱
04987666600286,Pos Combo3.1J,20ﾏｲ,箱
04987026126043,ﾊﾟｰﾙｺｱ ﾁｵｸﾞﾘｺｰﾙ酸培地,300g,箱
,GR 塩酸ｼﾞﾌﾞｶｲﾝ,５ｇ,箱
04987295526841,ﾃﾞﾀﾐﾅｰ標準液尿酸測定用,,箱
04987539777534,ｼｶﾘｷｯﾄﾞCK(EPS200)R1,200mlX3,箱
04987539777541,ｼｶﾘｷｯﾄﾞCK(EPS150)R2,150mlX2,箱
04987539777497,ｼｶﾘｷｯﾄﾞALP(EPS200)R1,200mlX3,箱
04987539777503,ｼｶﾘｷｯﾄﾞALP(EPS150)R2,150mlX2,箱
04987295526889,ﾃﾞﾀﾐﾅｰ標準液無機ﾘﾝ測定用,10MLX2,箱
04987026043302,KBﾃﾞｨｽｸ　GM,51ﾏｲX2,箱
,塩化ﾅﾄﾘｳﾑ,500G,箱
04987026189376,ﾄﾞﾗｲﾌﾟﾚｰﾄ JY31,50ﾏｲ,箱
04987479213123,N-ｱｯｾｲ　LA CRP-S R-1 Dﾀｲﾌﾟ,200MLX4,箱
04987479213277,Nｰｱｯｾｲ　LA CRP-S R-2 Dﾀｲﾌﾟ,200MLX4,箱
04987479213352,N-A　LA　CRP-S 標準液 Dﾀｲﾌﾟ,2MLX6,箱
04987551420005,ﾃﾞｭｵﾊﾟｽﾍﾞﾛﾄｷｼﾝ,25ﾃｽﾄ,箱
04987562052172,ｽﾙﾎﾗｲｻﾞｰ,5L,箱
04987562201341,ﾚｯﾄｻｰﾁⅡ,,箱
04987562201358,ｽﾄﾏﾄﾗｲｻﾞｰ FB(Ⅱ),5L,箱
04987562201402,ｽﾄﾏﾄﾗｲｻﾞｰ 4DL,5L,箱
04987562201389,ｽﾄﾏﾄﾗｲｻﾞｰ 4DS,42MLX3,箱
04987562201396,ｽﾄﾏﾄﾗｲｻﾞｰ NR,1ｾｯﾄ,箱
04987551085006,結核菌感受性PZA液体培地,5検体用,箱
04517715300029,ﾏｲﾔｰ･ﾍﾏﾄｷｼﾘﾝ,500ml,箱
,GR ﾘﾝ酸ﾆﾅﾄﾘｳﾑ 12水和物,500ｇ,箱
04987427156205,ﾘｿﾞﾙﾌﾞ ﾊﾟﾈﾙB,11X3ML,箱
04987026258003,E-DCO3 ｵﾌﾟﾄﾋﾝﾃﾞｨｽｸ,50枚,箱
04987295525608,ｴﾗｽﾀ-ｾﾞ ﾃｽﾄ ﾃｲｿﾞ-,10ﾃｽﾄ,箱
04987481200173,酢酸,500mI,箱
04987481200166,酢酸(3L),3L,箱
04987481266704,20％　中性緩衝ﾎﾙﾏﾘﾝ液,20L,箱
04987026105833,KBﾃﾞｨｽｸ　LZD,51ﾏｲX2,箱
04987502520457,PIVKA-Ⅱｷｬﾘﾌﾞﾚｰﾀｰｾｯﾄ,3ﾉｳﾄﾞ×2,箱
04517715431129,病理染色用溶剤ｴﾀﾉｰﾙ95,18L,箱
04987026175690,ﾄﾞﾗｲﾌﾟﾚｰﾄJY14,,箱
04987539777565,ｼｶﾘｷｯﾄﾞr-GT J(EPS150)R2,150ml×2,箱
04987537622300,ｸｲｯｸﾁｪｲｻｰ便潜血,30回用,箱
04987551083699,ｱｸﾘｽﾃｲﾝ MB液,450ml,箱
04517715156824,ALP染色ｷｯﾄ,15T,箱
04987551083682,ｱｸﾘｽﾃｨﾝ AO液,250ml,箱
04987427680021,ｵｰｿｸｲｯｸﾁｪｲｻｰHCV Ab,40ｶｲﾖｳ,箱
05700699441263,ｸﾘｰﾆﾝｸﾞ溶液,175ml,箱
04987270219522,ﾙﾐﾊﾟﾙｽⅠｼﾌﾗ標準ｼﾌﾗｾｯﾄ,4ﾉｳﾄﾞ×4,箱
04987026710983,卵黄加ﾏﾝﾆｯﾄ培地,30個,箱
04987026710778,ESｺﾘﾏｰｸ寒天培地,30個,箱
04987026711119,MLCB寒天,30枚,箱
04987026710877,TCBS寒天培地,30枚,箱
04987481103801,蛋白標準液,5ML×4,箱
04987270298707,ｴｽﾌﾟﾗｲﾝHIV Ag/Ab,20ﾃｽﾄ,箱
04987479217053,N-A　TIAﾌﾟﾚｱﾙﾌﾞﾐﾝ　R-1　Bﾀｲﾌﾟ,20ML×4,箱
04987479217091,N-A　TIAﾌﾟﾚｱﾙﾌﾞﾐﾝ　R-2　Bﾀｲﾌﾟ,8ML×2,箱
04987274102189,ﾈｽｺｰﾄ ｼｽﾀﾁﾝC標準Ⅱ,2ML×1×6,箱
04987274102196,ﾈｽｺｰﾄ ｼｽﾀﾁﾝCｺﾝﾄﾛｰﾙⅡ,2ML×3×2,箱
04987439074801,ﾌﾟﾚﾄﾘｶﾞｰ(発光開始液①),975ML×4,箱
04987439070827,ﾄﾘｶﾞｰ(発光開始液②),975ML×4,箱
04987479217404,ｲﾑﾉｸｴｽﾄ　M-1,3ML×4,箱
04987479217411,ｲﾑﾉｸｴｽﾄ　M-2,3ML×4,箱
04987427163005,抗Fya(抗ﾀﾞﾌｨA)血清 間接抗ｸﾞﾛﾌﾞﾘﾝ法用,3ML,箱
04987427163104,抗Fya(抗ﾀﾞﾌｨB)血清 間接抗ｸﾞﾛﾌﾞﾘﾝ法用,3ML,箱
04987559619654,ｲｸﾄﾃｽﾄ,100ｼﾞｮｳ,箱
04987439056548,ARCHITECT　i 共通検体希釈液,100ML×1,箱
,緬羊無菌脱繊血,100ml,箱
04987026112183,E-BD10　小児用ﾚｽﾞﾝﾎﾞﾄﾙ,10ﾎﾝ,箱
04987295310570,ﾃﾞﾀﾐﾅ-L Fe S R-1,90ML×2,箱
04987295310587,ﾃﾞﾀﾐﾅ-L Fe S R-2,50ML×2,箱
04987295386803,ﾃﾞﾀﾐﾅｰ L TG Ⅱ S R1,90ML×4,箱
04987295433156,ﾃﾞﾀﾐﾅｰ L IPⅡ A R-1,45ML×4,箱
04987481267701,15％　中性緩衝ﾎﾙﾏﾘﾝ液,20L,箱
04987481101111,ｺｱｸﾞﾗﾝﾄ,2×2ML,箱
04987026185743,SIﾃﾞｨｽｸ BC,51×3,箱
04987551150001,酵母真菌薬剤感受性ｷｯﾄ,5検体用,箱
04987539778227,ｼｶﾘｷｯﾄﾞCK-MB R-1,35ML×2,箱
04987295386858,ﾃﾞﾀﾐﾅｰL TG Ⅱ S R2,50ML×4,箱
04987550010528,ｱｸｱｵｰﾄ　CRE-Ⅱ 反応試液(Ⅰ),180ML×6,箱
04987550012898,ﾏﾙﾁｷｬﾘﾌﾞﾚｰﾀｰ｢ｶｲﾉｽ｣,5ML×6,箱
04987479207801,N-ｱｯｾｲ　IgG-SH　R-2,8ML×8,箱
04987026177014,ﾎﾟｱﾒﾃﾞｲｱ mCCDA培地 E-MS27,10ﾏｲ,箱
04987550010535,ｱｸｱｵｰﾄ　CRE-Ⅱ反応試液(Ⅱ),60MLX6,箱
04987539778234,ｼｶﾘｷｯﾄﾞCK-MB R-2,10ML×2,箱
04987551030709,ﾌﾟﾚﾒﾃﾞｨｱBBE寒天培地,300G,箱
04987295446279,ﾃﾞﾀﾐ標準液Fe測定用,10ML×1,箱
04987479210665,N-ｱｯｾｲ　IgM-SH E　R-1,60ML×4,箱
04987479208204,N-ｱｯｾｲ　IgM-SH E　R-2,5ML×8,箱
04987585006541,E-test ﾌﾙｺﾅｿﾞｰﾙFL,30ﾏｲ,箱
04987479213635,N-ｱｯｾｲ　IgA-SH E　R-1,60ML×4,箱
04987479208006,N-ｱｯｾｲ　IgA-SH E　R-2,5ML×8,箱
04987479210627,N-ｱｯｾｲ　IgG-SH E　R-1,60ML×4,箱
04987410220289,RPRﾃｽﾄ｢三光｣,100回,箱
04987481041653,ﾏｲｸﾛTP-AR  2/QR,4×24ML,箱
04987539720004,ｸﾛﾓｱｶﾞｰｶﾝｼﾞﾀ,1L用×4,箱
04987026324968,NAC寒天培地,100g,箱
04987222717458,ｸﾘｱﾗｲﾝInfluenzaA/B,10ﾃｽﾄ,箱
04987666601504,水酸化ｶﾘｳﾑ VP 1,1ﾎﾝ,箱
04987502516214,ｴｲﾃｽﾄ ｺﾝﾄﾛｰﾙｾｯﾄ,2ﾉｳﾄﾞ×3ﾎﾝ×1ML,箱
04987502466199,ﾅﾉﾋﾟｱKL-6ｴｰｻﾞｲKL-6ﾗﾃｯｸｽ試液2,8ML×2,箱
04987502466458,ﾅﾉﾋﾟｱKL-6ｷｬﾘﾌﾞﾚｰﾀｰ,0．5ML×4濃度,箱
04987502466175,ﾅﾉﾋﾟｱKL-6 ｴｰｻﾞｲ緩衝液1,24ML×2,箱
04987479205494,ﾏﾙﾁV-SH標準液,１ML ×6,箱
04987295387480,ﾃﾞﾀﾐﾅｰL LDL-C S R-1,90ML×2,箱
04987295387534,ﾃﾞﾀﾐﾅｰL LDL-C S R-2,50ML×2,箱
04987502520464,ﾙﾐﾊﾟﾙｽPIVKA-Ⅱｴｰｻﾞｲ免疫反応ｶｰﾄﾘｯｼﾞ,14ﾃｽﾄ×3,箱
04987502476068,ｺｱｸﾞﾋﾟｱAPTT-N APTT試薬,4ML×10,箱
04987502476075,ｺｱｸﾞﾋﾟｱAPTT-N 塩化ｶﾙｼｳﾑ液,4ML×10,箱
04987502425721,ｺｱｸﾞﾋﾟｱFbgﾄﾛﾝﾋﾞﾝ試薬,3ML×10,箱
04987502278303,TC緩衝液,12ML×10,箱
04987270292945,ﾙﾐﾊﾟﾙｽⅠｼﾌﾗ免疫反応ｶｰﾄﾘｯｼﾞ,14ﾃｽﾄ×3,箱
04987270292808,ﾙﾐﾊﾟﾙｽHTLV-1免疫反応ｶｰﾄﾘｯｼﾞ,14ﾃｽﾄ×3,箱
04987270295151,ﾙﾐﾊﾟﾙｽβHCG免疫反応ｶｰﾄﾘｯｼﾞ,14ﾃｽﾄ×3,箱
04987270293652,ﾙﾐﾊﾟﾙｽ希釈用ｶｰｼﾘｯｼﾞ,14ﾃｽﾄ×3,箱
04987502421136,ﾃｽﾄﾁｰﾑS ATⅢ(CPｾｯﾄ),1ｾｯﾄ,箱
04987502337123,FDPｺﾝﾄﾛｰﾙ,1ML×2×3,箱
04987502482366,ｺｱｸﾞﾋﾟｱPT-N,10ML×10,箱
04987486735014,ｵｰｼｮﾝｽﾃｨｯｸｽ 10EA,100ﾏｲ,箱
04987670800504,ｲｵﾝｷｬﾘﾊﾞ,1L,箱
04987270294246,ﾙﾐﾊﾟﾙｽⅡｵｰｿHCV,14ｶｲ×3,箱
04987539772195,ｼｶﾘｷｯﾄﾞALB-P R-1,150ML×2,箱
04987486712541,溶離液80B,600ml×2,箱
04987486712503,溶血･洗浄液80H,2L×3,箱
04987486712534,溶離液80A,600ml×4,箱
04987539778524,ｼｶﾘｷｯﾄﾞTP(EPS)R-1,200ML×3,箱
04987539778531,ｼｶﾘｷｯﾄﾞTP(EPS)R-2,150ML×2,箱
04987539776766,ｼｶﾘｷｯﾄﾞAMY R-2,20ML×4,箱
04987539772201,ｼｶﾘｷｯﾄﾞALB-P R-2,75ML×2,箱
04987502346903,Dﾀﾞｲﾏｰｷｬﾘﾌﾞﾚｰﾀｰ,0．5ML×6,箱
04987502468049,FDPｷｬﾘﾌﾞﾚｰﾀｰN,0．5ML×5,箱
04517715204020,自動封入機用ﾏﾘﾉｰﾙ550cps,500ml,箱
04987026174389,ｵｷｼﾀﾞｰｾﾞﾃｽﾄ,100ﾏｲ,箱
04987539772461,ｼｶﾌｨｯﾄCHE(7170)試薬2,20ML×4,箱
04987503608949,FER-ﾗﾃｯｸｽX2｢生研｣CNﾌｪﾘﾁﾝ測定用試薬,20ML×1,箱
04987539772454,ｼｶﾌｨｯﾄCHE(7170)試薬1,60ml×4,箱
04987502476099,ｺｱｸﾞﾋﾟｱ用ｺﾝﾄﾛｰﾙP-N,1ML×2×5,箱
04987302058754,ﾌｪｲﾊﾞｰG｢ﾆｯｽｲ｣染色液Bﾌｸｼﾝ,500ML×1,箱
04987270292853,ﾙﾐﾊﾟﾙｽPSA-N免疫反応ｶｰﾄﾘｯｼﾞ,14ﾃｽﾄ×3,箱
04987502278488,ｺｱｸﾞﾄﾛｰﾙN,1ML×10,箱
04987270292938,ﾙﾐﾊﾟﾙｽｲﾝｼｭﾘﾝ-N免疫反応ｶｰﾄﾘｯｼﾞ,14ﾃｽﾄ×3,箱
04987270293256,ﾙﾐﾊﾟﾙｽｲﾝｼｭﾘﾝ-Nｲﾝｼｭﾘﾝｷｬﾘﾌﾞﾚｰﾀ,2ﾉｳﾄﾞ×1,箱
04987270293041,ﾙﾐﾊﾟﾙｽC-ﾍﾟﾌﾟﾁﾄﾞｷｬﾘﾌﾞﾚｰﾀ(血清･血漿用),2ﾉｳﾄﾞ×1,箱
04987270292679,ﾙﾐﾊﾟﾙｽC-ﾍﾟﾌﾟﾁﾄﾞ免疫反応ｶｰﾄﾘｯｼﾞ,14ﾃｽﾄ×3,箱
04987270296899,ﾙﾐﾊﾟﾙｽBNP免疫反応ｶｰﾄﾘｯｼﾞ,14ﾃｽﾄ×3,箱
04987270296905,BNPｷｬﾘﾌﾞﾚｰﾀ(ﾙﾐﾊﾟﾙｽBNP),3ﾉｳﾄﾞ×2,箱
04987479120131,N-ﾃｽﾄ　L NH3(R-1),20ML×2,箱
04987479120148,N-ﾃｽﾄ　L NH3(R-2),5ML×2,箱
04987479110057,N-ﾃｽﾄ　 NH3 標準液,5ML×4,箱
04987479000686,NH3　ｺﾝﾄﾛｰﾙⅠ,3ML×4,箱
04987479000693,NH3　ｺﾝﾄﾛｰﾙⅡ,3ML×4,箱
04987270292846,ﾙﾐﾊﾟﾙｽAFP-N免疫反応ｶｰﾄﾘｯｼﾞ,14ﾃｽﾄ×3,箱
04987539777640,ｼｶﾘｷｯﾄﾞGLU(EPS)R-1,200ML×3,箱
04987539777657,ｼｶﾘｷｯﾄﾞGLU(EPS)R-2,150ML×2,箱
04987486712589,専用希釈液ｾｯﾄ80,1箱,箱
04987551488098,梅毒標準液,2ML×5ﾎﾝ,箱
04987551488111,梅毒陽性ｺﾝﾄﾛｰﾙ,3ML×2ﾉｳﾄﾞ,箱
04987551390001,ﾒﾃﾞｨｴｰｽTPLA,ｾｯﾄ,箱
04987502431982,ﾅﾉﾋﾟｱSF,CPｾｯﾄ,箱
04987270293188,ﾙﾐﾊﾟﾙｽAFP-N AFPｷｬﾘﾌﾞﾚｰﾀ,3ﾉｳﾄﾞ×1,箱
04987270295168,ﾙﾐﾊﾟﾙｽβHCGβHCGｷｬﾘﾌﾞﾚｰﾀｰ,2ﾉｳﾄﾞ×1,箱
04987856110205,ﾏﾙﾁﾌﾟﾙｾｰﾗN CF,0.5ML×5,箱
04987856110236,ﾏﾙﾁﾌﾟﾙｾｰﾗA CF,0.5ML×5,箱
04987270293195,ﾙﾐﾊﾟﾙｽPSA-Nｷｬﾘﾌﾞﾚｰﾀ,2ﾉｳﾄﾞ×1,箱
04560340666206,パラプラストハイメルト,1Kg×8,箱
04987502431999,SF用ｷｬﾘﾌﾞﾚｰﾀｰ,0．5ML×5,箱
04987502432002,SF用ｺﾝﾄﾛｰﾙ,1ML×2×3,箱
04987856110076,ﾌｧｸﾀｰｵｰﾄⅡ FXⅢ-M,85ﾃｽﾄ,箱
04987274076114,ﾈｽｺｰﾄGCｼｽﾀﾁﾝC GｾｯﾄS,冷蔵,箱
04987302052042,TCBS寒天培地,300G,箱
04987502492594,ﾅﾉﾋﾟｱTDMﾃｲｺﾌﾟﾗﾆﾝ,冷蔵,箱
04987026116662,ｸﾘｽﾀﾙE/NF同定ｷｯﾄ,20T,箱
04987555301867,ＢＤ　ＢＢＬＣＲＹＳＴＡＬ　ＧＰ　同定検査試薬,２０枚,箱
0382902450108,ｸﾘｽﾀﾙANR同定検査試薬,20T,箱
05700699621771,Cal　2ｶﾞｽ,10L,箱
04987486712527,ｶﾗﾑﾕﾆｯﾄ80,1ｲﾘ,箱
04987026187099,LZﾃｽﾄ｢栄研｣　MMP-3,6ML×2,箱
04987026187136,LZ MMP-3 ｷｬﾘﾌﾞﾚｰﾀｰ｢英研｣,1ML×6,箱
04987502487347,ﾅﾉﾋﾟｱTDMﾊﾞﾝｺﾏｲｼﾝ,冷蔵,箱
04987502487354,ﾅﾉﾋﾟｱ用ﾊﾞﾝｺﾏｲｼﾝｷｬﾘﾌﾞﾚｰﾀｰ,1ML×6,箱
04987481033542,ｴﾝﾄﾞﾄｷｼﾝ検体前処理液,50×0．9ML,箱
04987481026780,ｴﾝﾄﾞﾄｷｼﾝ ｼﾝｸﾞﾙﾃｽﾄ ES,50×0．2ML,箱
04987481030480,β-ｸﾞﾙｶﾝﾃｽﾄﾜｺｰ0.2ml用,50×0．2ML,箱
04987481030473,β-ｸﾞﾙｶﾝ検体前処理液,50×0．9ML,箱
04517715201487,YM式喀痰固定液ﾆｭｰSﾀｲﾌﾟ(緑ｷｬｯﾌﾟ),25ML×10,箱
04987270293058,ﾙﾐﾊﾟﾙｽC-ﾍﾟﾌﾟﾁﾄﾞ ｷｬﾘﾌﾞﾚｰﾀ(尿用),2ﾉｳﾄﾞ×1,箱
04987539778111,TP･ALB標準血清,3ML×3,箱
04987026009391,MIC測定用ﾐｭﾗｰﾋﾝﾄﾝﾌﾞｲﾖﾝ｢栄研｣,12ML×50,箱
04987486712855,ADAMS A1c ｺﾝﾄﾛｰﾙ,0.5mL用×2本×2濃度,箱
04987539782033,ｸｵﾘﾄﾛｰﾙ CK-MB(L),1ML×3,箱
0382902520313,ﾃｽﾄﾒｲﾄﾗﾋﾟｯﾄﾞﾋﾟﾛﾘﾃｽﾄｼｰﾄ,20T,箱
05700699621764,Cal　1ｶﾞｽ,25L,箱
04987427166129,P1型物質,3ML,箱
04987502433641,ﾅﾉﾋﾟｱP-FDP,CPｾｯﾄ×2,箱
04987670881305,Maxpia-3,500ML×5,箱
04987502433627,ﾅﾉﾋﾟｱDﾀﾞｲﾏｰCPｾｯﾄ2ｾｯﾄ,200ｶｲ,箱
04987479117896,N-ｱｯｾｲ　L Mg-H標準液 HECTEF基準,5ML×4,箱
04987670802003,ｲｵﾝﾁｬｰｼﾞ,90ML×5,箱
04987670881503,Maxpia-C 500ML,500ML×5,箱
04987502492600,ﾅﾉﾋﾟｱ用ﾃｲｺﾌﾟﾗﾆﾝｷｬﾘﾌﾞﾚｰﾀｰ,1ML×6×1,箱
04987502492617,ﾅﾉﾋﾟｱ用ﾃｲｺﾌﾟﾗﾆﾝｺﾝﾄﾛｰﾙ,2ML×3×2,箱
04987270297445,LPｺﾝﾄﾛｰﾙ　BNP,1ML×2×6,箱
04987670881008,Maxpia-R,500ML×5,箱
04987763002006,ﾎﾜｲﾄ7CAEｴｱﾉｰﾙｽﾌﾟﾚｰ,420ML×1,箱
04987302078516,GEﾃｽﾄ　ｲﾑﾉｸﾛﾏﾄ CD TOX A/B｢ﾆｯｽｲ｣,20ｶｲ,箱
04987486738046,ｵｰｼｮﾝ染色液(BAC),25ml,箱
04987486735540,ｵｰｼｮﾝﾁｪｯｸ Ⅰ,5×10ML,箱
04987486735557,ｵｰｼｮﾝﾁｪｯｸ Ⅱ,5×10ML,箱
04987486738015,ｵｰｼｮﾝ希釈液(SED),2．1L×1,箱
04987486738022,ｵｰｼｮﾝ希釈液(BAC),2．1×1,箱
04987486738039,ｵｰｼｮﾝ染色液(SED),29ml,箱
04987486738053,ｵｰｼｮﾝｼｰｽ液,20L,箱
04987486030669,ﾕﾘﾌﾚｯﾄS 9HA,100ﾎﾝ,箱
04987486738060,ｵｰｼｮﾝ ｺﾝﾄﾛｰﾙ液,ｶｸ47ml,箱
04987550023993,DG　Gel ｶｲﾉｽ Neutralｶｰﾄﾞ,50ｶｰﾄﾞ,箱
04987302078523,GEﾃｽﾄ　ｲﾑﾉｸﾛﾏﾄ-ﾉﾛ｢ﾆｯｽｲ｣,10ｶｲ,箱
04987270297865,ﾙﾐﾊﾟﾙｽProGRP ProGRP ｷｬﾘﾌﾞﾚｰﾀｾｯﾄ,3ﾉｳﾄﾞ×2,箱
04987026157429,KBﾃﾞｨｽｸ　MFLX,51×2,箱
0382902513612,ｸﾛﾓｱｶﾞｰ0157,20枚,箱
04987550023337,ｽｸﾘｰﾝｻｲﾄ,10ML×3,箱
04987550024167,Diｻｲﾄ,10ML×1,箱
04987550023917,ﾘﾊﾞｰｽｻｲﾄA1､A2､B,10ML×3,箱
04987550023177,DG　Gel Control,6ML×4,箱
04987550023214,DG　ﾘﾊﾞｰｽｻｲﾄA1､B(ｶﾗﾑ用),10ML×2,箱
04987550023269,DG　ｽｸﾘｰﾝｻｲﾄ(ｶﾗﾑ用),10ML×3,箱
04987550024150,DG　Diｻｲﾄ(ｶﾗﾑ用),10ML×1,箱
04987550023863,DG　ｽｸﾘｰﾝｻｲﾄ｢ﾊﾟﾊﾟｲﾝ処理｣ (ｶﾗﾑ用),10ML×3,箱
04987550023771,DG　ﾃﾞｰﾀｻｲﾄﾌﾟﾗｽDi(ｶﾗﾑ用),4ML×12,箱
04987518305697,ｴｸﾙｰｼｽ　FT4Ⅱ,200ｶｲ,箱
04987518305727,ｴｸﾙｰｼｽ試薬 FT3Ⅲ,200ﾃｽﾄ,箱
04987550023146,DG　Gel Sol,100ML×2,箱
04517715435318,ﾎﾙﾑｸﾘｰﾝTESTｾｯﾄ,40ML×30,箱
04987270130155,ｲﾑﾉｶｰﾄﾞST　E.COLI 0157,30ｶｲ,箱
04987270296851,ﾙﾐﾊﾟﾙｽHBsAg-HQ免疫反応ｶｰﾄﾘｯｼﾞ,14ﾃｽﾄ×3,箱
04987550023399,ｸｰﾑｽｺﾝﾄﾛｰﾙ(弱),10ML×1,箱
04987518304355,ｴｸﾙｰｼｽ試薬CEAⅡ(200),200ﾃｽﾄ,箱
04987518302030,ｴｸﾙｰｼｽCA15-3Ⅱ,100ﾃｽﾄ,箱
04987518301125,ｴｸﾙｰｼｽCA19-9Ⅱ,100ﾃｽﾄ,箱
04987518762230,ｴｸﾙｰｼｽCA125Ⅱ,100ﾃｽﾄ,箱
04987518303792,ｴｸﾙｰｼｽ試薬ﾌﾞﾗｰﾑｽPCT,100ﾃｽﾄ,箱
04987518303259,ｴｸﾙｰｼｽ試薬ﾌﾟﾛｾﾙM,2L×2,箱
04987518303372,ｴｸﾙｰｼｽｸﾘｰﾝｾﾙM,2L×2,箱
04987270296837,ﾙﾐﾊﾟﾙｽHBsAg-HQHBsAg-HQ用標準溶液,6ﾉｳﾄﾞ×1,箱
04987270297711,LPｺﾝﾄﾛｰﾙ　HBsAg,3ﾉｳﾄﾞ×2,箱
0382902451303,BBL　CRYSTAL NH同定検査ｷｯﾄ,20ﾃｽﾄ,箱
04987518303075,ｴｸﾙｰｼｽ　ﾌﾟﾚｸﾘｰﾝM,5×600ML,箱
04987518305710,ｴｸﾙｰｼｽFT4Ⅱｷｬﾘﾌﾞﾚｰﾀ,ｶｸ2×1ML,箱
04987518305741,ｴｸﾙｰｼｽFT3Ⅲｷｬﾘﾌﾞﾚｰﾀ,ｶｸ2×1ML,箱
04987550024006,DG　GelｶｲﾉｽABO/Rh(2D)ｶｰﾄﾞ,50ｶｰﾄﾞ,箱
04987550024020,DG　GelｶｲﾉｽCoombsｶｰﾄﾞ,50ｶｰﾄﾞ,箱
04987550023191,DG　洗浄液B,125ML×12,箱
04987550023184,DG　洗浄液A,125ML×12,箱
04987550024051,DG　GelｶｲﾉｽAnti-IgGｶｰﾄﾞ,50ﾃｽﾄ,箱
04987518322779,ｴｸﾙｰｼｽ検体希釈液,16ML×2,箱
04987518762155,ｴｸﾙｰｼｽCA19-9ｷｬﾘﾌﾞﾚｰﾀｰ,10回,箱
04987518304652,ｴｸﾙｰｼｽﾌﾟﾚﾁｺﾝﾄﾛｰﾙU,2濃度各2×3．0mL用,箱
04987518304669,ｴｸﾙｰｼｽﾌﾟﾚﾁｺﾝﾄﾛｰﾙTM,3mL×2×2,箱
,ﾙﾐﾊﾟﾙｽProGRP免疫反応ｶｰﾄﾘｯｼﾞ,14ﾃｽﾄ×3,箱
04987026187143,QC-MMP3-L｢栄研｣,3ML×2,箱
04987026187150,QC-MMP3-H｢栄研｣,3ML×2,箱
04987026102399,尿中C-ﾍﾟﾌﾟﾁﾄﾞ安定化剤,100ｲﾘ,箱
04987439070513,ｱｰｷﾃｸﾄ　ﾀｸﾛﾘﾑｽ･除蛋白剤,20.4ML,箱
0382904912536,ｼｭｱﾊﾟｽTMｺﾚｸｼｮﾝﾊﾞｲｱﾙ500,10ml×500,箱
04987427163210,ﾊﾞｲｵｸﾛｰﾝ抗Jka,3ML,箱
04987793002625,ｲﾑｺｱ　ﾌﾞﾛﾒﾘﾝ溶液,10ML×1,箱
,塩化ﾏｸﾞﾈｼｳﾑ,500G,箱
04987439091310,ｱｰｷﾃｸﾄ　ｼｸﾛｽﾎﾟﾘﾝ ｱｯｾｲ,100ｶｲ,箱
04987439071961,ARCHITECT　ｼｸﾛｽﾎﾟﾘﾝ補助試薬,,箱
04987481103450,LALｺﾝﾄﾛｰﾙﾜｺｰ,0.5ML×10,箱
04987427163319,ﾊﾞｲｵｸﾛｰﾝ抗Jkb,3ML,箱
04987518302962,ｴｸﾙｰｼｽ希釈液MA,18ML×2,箱
04987486790532,濃縮洗浄液3,1L×5,箱
04987518304362,ｴｸﾙｰｼｽ試薬AFPⅡ,200ﾃｽﾄ,箱
04987518304379,ｴｸﾙｰｼｽ試薬PSAⅡ,200ﾃｽﾄ,箱
04987815011109,ｲﾑﾉｴｰｽ　StrepA,10ﾃｽﾄ,箱
0382904905217,SurePath分離用試薬,480ml,箱
0382904907273,ｻｲﾄﾘｯﾁﾚｯﾄﾞ,500ml,箱
04987518610234,ﾓｼﾞｭﾗｰ用ISE洗浄液(N),5ﾎﾝ/ﾊｺ,箱
04987518302054,ｴｸﾙｰｼｽCA15-3Ⅱｷｬﾘﾌﾞﾚｰﾀｰ,4×1ML,箱
04987270130322,ﾘﾎﾞﾃｽﾄ ﾏｲｺﾌﾟﾗｽﾞﾏ,10ﾃｽﾄ,箱
,FA逓減ｽﾌﾟﾚｰ ﾎﾙﾊﾟｽ5ﾘｯﾀｰ,5L,箱
04987502494147,ﾆｭｰｱﾙｶﾘ,250ML,箱
04560133240941,ﾃｨｼｭﾃｯｸ ﾆｭｰﾄﾗﾚｯｸｽ,16袋,箱
04987439091303,ｱｰｷﾃｸﾄ　ｼｸﾛｽﾎﾟﾘﾝｷｬﾘﾌﾞﾚｰﾀｰ,4．5ML,箱
04987026117430,ISPｷｯﾄ　M-KI01,1ﾏｲ,箱
04987539782323,ｼｶﾘｷｯﾄﾞALT(EPS200-2)R1,200ml×3,箱
04987539782316,ｼｶﾘｷｯﾄﾞAST(EPS200-2)R1,200ml×3,箱
04987518762407,ｴｸﾙｰｼｽCA125Ⅱｷｬﾘﾌﾞﾚｰﾀｰ,10ｶｲ,箱
04987481100633,ﾁｭﾙｸ液,100ML,箱
04987057620794,ｳﾛﾋﾟｰｽS 3K,100ﾏｲ,箱
04987562409730,HISCL　ﾗｲﾝｳｫｯｼｬｰ,10L,箱
04987486735274,ｵｰｼｮﾝﾁｪｯｸﾌﾟﾗｽ,25ML×2,箱
04987763103956,ﾎﾜｲﾄﾃｨｯｼﾕｺｰﾄFL,120ML,箱
04987815003609,ｲﾑﾉｴｰｽ　ｱﾃﾞﾉ(輸送用ｽﾜﾌﾞ付),30ﾃｽﾄ,箱
04987562406470,HISCL　洗浄液,10L,箱
04562122470018,ｱﾝﾊﾞｳﾝﾄﾞﾋﾞﾘﾙﾋﾞﾝ測定試薬ｷｯﾄ｢UBﾃｽﾄ｣,100ﾃｽﾄ,箱
04987518316969,ｴｸﾙｰｼｽPSAｷｬﾘﾌﾞﾚｰﾀｰ,2濃度､各2×1.0mL用,箱
04987270295526,ｴｽﾌﾟﾗｲﾝ ｲﾝﾌﾙｴﾝｻﾞA＆B-N,10ﾃｽﾄ,箱
04987815009106,ｲﾑﾉｴｰｽ　RSV Neo,10ﾃｽﾄ,箱
049874813443,ｵｰﾄﾜｺｰﾏｲｸﾛｱﾙﾌﾞﾐﾝ用ｺﾝﾄﾛｰﾙｾｯﾄ,2×2ｼ×2ML,箱
04987481039865,ｵｰﾄﾜｺｰﾏｲｸﾛｱﾙﾌﾞﾐﾝ緩衝液,2×48ML,箱
04987481039872,ｵｰﾄﾜｺｰﾏｲｸﾛｱﾙﾌﾞﾐﾝ抗体溶液,2×8ML,箱
04987481103436,ｵｰﾄﾜｺｰﾏｲｸﾛｱﾙﾌﾞﾐﾝ用ｷｬﾘﾌﾞﾚｰﾀｰｾｯﾄ,5ｼｭ×2ML,箱
04987439079462,ｱｰｷﾃｸﾄ　T-3濃縮希釈緩衝液,975ML×4,箱
04987539777954,ｼｶﾘｷｯﾄﾞFE(EPS)R-1,200ML×3,箱
04987539777961,ｼｶﾘｷｯﾄﾞFE(EPS)R-2,150ML×2,箱
,FXⅢ-M標準品,1ML×5,箱
04987295589617,ﾒﾀﾎﾞﾘｰﾄﾞLDL-C S R1,90ML×2,箱
04987486712596,ｷｬﾘﾌﾞﾚｰﾀｰ80,冷蔵,箱
04987439071633,ｱｰｷﾃｸﾄ　BNP-JP,100ｶｲﾖｳ,箱
04987595224409,ﾌﾟﾛﾗｽﾄhMPV,10ﾃｽﾄ,箱
04987562406654,HISCL　ﾌﾟﾛｰﾌﾞｳｫｯﾁｬｰ,250ML×2,箱
04987562431366,HISCL　検体希釈液,,箱
04987562409723,HISCL　発光基質ｾｯﾄ,600ﾃｽﾄ,箱
04987295589624,ﾒﾀﾎﾞﾘｰﾄﾞLDL-C S R-2,50ML×2,箱
04987550024853,Essential Ⅱ Control,6ml×2,箱
04987562380046,TATｺﾝﾄﾛｰﾙ･ﾈｵ･F,1ML×2×3,箱
0382902515944,BBL CHROMagar ｶﾝｼﾞﾀﾞ,20ﾏｲ,箱
04987539780374,ｼｶﾌｨｯﾄAMY-G7(7170)R-1,60ML×4,箱
04987539782347,ｼｶﾌｨｯﾄP-AMY-G7(SPS)R-1,20ML×3,箱
04987539782354,ｼｶﾌｨｯﾄP-AMY-G7(SPS)R-2,10ML×3,箱
04987270295434,ﾙﾐﾊﾟﾙｽHBsAb-N HBsAb-Nｷｬﾘﾌﾞﾚｰﾀ,1.5ML×1,箱
04987666600132,Neg EN Combo 1J,20枚,箱
04987666600170,Neg NF Combo 1J,20枚,箱
04987666600385,MICroFAST 7J,20枚,箱
04987503230331,ｽﾀﾌｨﾛLA,100T,箱
04987439073873,ｱｰｷﾃｸﾄ　ProGRP,100ｶｲ×1,箱
04987539740545,AMPC/ESBL鑑別ﾃﾞｨｽｸ,50ｶｲ,箱
0382902511427,ﾍﾓﾌｨﾘｽID4分画培地,10ﾏｲ,箱
0382902512516,BTB乳糖加寒天培地,100ﾏｲ,箱
04987793118289,RBCｽﾄﾚｰｼﾞｿﾘｭｰｼｮﾝ,250ML×1,箱
04987518306373,ｴｸﾙｰｼｽCA125ⅡｷｬﾘﾌﾞﾚｰﾀｰⅡ,2×1ml,箱
04987439071640,ARCHITECT　BNP-JPｷｬﾘﾌﾞﾚｰﾀｰ,6×4ML,箱
04987439071657,ARCHITECT　BNP-JPｺﾝﾄﾛｰﾙ,3×8ML,箱
04987439080437,ARCHITECT　ProGRPｷｬﾘﾌﾞﾚｰﾀｰ,6×4ML,箱
04987019102221,ﾌﾟﾛﾚｯｸｽ｢ｲﾜｷ｣ﾚﾝｻ球菌,60ﾃｽﾄ,箱
04987427163647,ｵｰｿ抗S血清,1ml,箱
04987427163722,ｵｰｿ抗s血清,1ml,箱
04987026150888,ﾎﾟｱﾒﾃﾞｨｱ ﾐｭｰﾗｰﾋﾝﾄﾝS寒天培地,10ﾏｲ,箱
04987302510559,SﾀｲﾌﾟXM-EHEC,10枚,箱
04987302045259,ｾﾝﾄﾗｯﾌﾟMB A試薬,75MLｘ10,箱
04987302045266,ｾﾝﾄﾗｯﾌﾟMB B試薬,500MLｘ4,箱
04987302045273,ｾﾝﾄﾗｯﾌﾟMB C試薬,40MLｘ4,箱
04987026194950,ｲﾑﾉｷｬｯﾁ-　ﾉﾛ,10T,箱
04987026208022,ﾎﾟｱViGBS寒天培地,10ﾏｲ,箱
04987585209072,ｱﾋﾟｺﾘﾈ,12回,箱
04987481584105,TE(pH8.0),100ML,箱
04987481516878,TAE(50X),500ML,箱
,GelRed核酸ｹﾞﾙ染色水溶液,0.1mL,箱
,ﾂｲﾝ80,25G,箱
04987019101972,ﾌﾟﾛﾚｯｸｽ｢ｲﾜｷ｣ﾚﾝｻ球菌用ﾗﾃｯｸｽ試薬D,3ML,箱
04987666600392,ﾏｲｸﾛﾌｧｽﾄｼﾘｰｽﾞﾍﾓﾌｨﾙｽ,20ﾏｲ,箱
04987026178271,ﾎﾟｱ･TSI寒天培地,50ﾎﾟﾝ,箱
04987019102009,ﾌﾟﾛﾚｯｸｽ｢ｲﾜｷ｣ﾚﾝｻ球菌用抽出試薬ｾｯﾄ,1ｾｯﾄ,箱
04987518316020,ｴｸﾙｰｼｽ　AFPｷｬﾘﾌﾞﾚｰﾀｰ,2濃度、各2×1.0ml用,箱
04517715422325,ﾄﾗﾝﾄ染色液(抗酸菌染色用ｵｰﾗﾐﾝ･ﾛｰﾀﾞﾐﾝB溶液),500ML,箱
04987439074290,ｱｰｷﾃｸﾄ　ﾀｸﾛﾘﾑｽ,100ｶｲﾖｳ,箱
04987815003500,ｲﾑﾉｴｰｽ　ｱﾃﾞﾉ,10ﾃｽﾄ,箱
04987518303082,ｴｸﾙｰｼｽ　ﾌﾟﾛｰﾌﾞｳｫｯｼｭM,12×70ML,箱
04987439080444,ARCHITECT　ProGRPｺﾝﾄﾛｰﾙ,3×8ML,箱
04987518316457,ｴｸﾙｰｼｽCEAｷｬﾘﾌﾞﾚｰﾀｰ,2濃度 各2X1.0ML,箱
04987026178318,ﾎﾟｱﾒﾃﾞｨｱｼﾓﾝｽﾞ･ｸｴﾝ酸ﾅﾄﾘｳﾑ,50ﾎﾟﾝ,箱
04987019101958,ﾌﾞﾛﾚｯｸｽ｢ｲﾜｷ｣ﾚﾝｻ球菌用ﾗﾃｯｸｽ試薬B,3ML,箱
04987026009261,KBﾃﾞｨｽｸ　ｾﾌﾄﾘｱｷｿﾝ CRX,51×2,箱
04987439070506,ｱｰｷﾃｸﾄ　ﾀｸﾛﾘﾑｽ ｷｬﾘﾌﾞﾚｰﾀ,1ｾｯﾄ,箱
04987793106835,ｶﾞﾝﾏ-ﾍﾟｸﾞ(PeG),10mlX1,箱
04987270293928,ｴｽﾌﾟﾗｲﾝHBsAg,10ﾃｽﾄX2,箱
04987026146270,KBﾃﾞｨｽｸ　DRPM,51ﾏｲX2,箱
04987481350045,ｷｼﾚﾝ,一級15KG,箱
04987026117232,ﾊﾟｰﾙｺｱ ﾐｭﾗｰﾋﾝﾄﾝS E-MC60,300G,箱
04987666601771,ﾘﾉｯｸｲﾉｷｭﾚｰﾀｰ,240枚,箱
04987270219126,ｴｽﾌﾟﾗｲﾝ TP,10ﾃｽﾄX2,箱
04987427126109,ﾊﾞｲｵｸﾛｰﾝ 抗e,5ml,箱
04987666600446,RYIDﾊﾟﾈﾙ,20枚,箱
04987551160000,ﾎﾟﾘﾐｷｼﾝB溶液(極東),1.2mlX6,箱
04987550009676,ｶｲﾉｽ ｱｸｱｵｰﾄ UN-Ⅱ R-1,200MLX6,箱
04987550009683,ｶｲﾉｽ ｱｸｱｵｰﾄ UN-Ⅱ RⅡ,50MLX6,箱
04987026175683,ﾄﾞﾗｲﾌﾟﾚｰﾄJY32,50ﾏｲ,箱
04022536105888,TBｶﾗｰ ﾁｰﾙｶﾙﾎﾞｰﾙﾌｸｼﾝ,500ML,箱
04987224039053,ｶﾝｼﾞﾃｯｸ,100回,箱
04987793112126,ｶﾞﾝﾏ寒冷凝集素吸収試薬,4ﾃｽﾄ,箱
04987427141102,ﾊﾞｲｵｸﾛｰﾝ ｸｰﾑｽ血清,50ML,箱
04987590400402,PASTOREX ﾒﾆﾝｼﾞｬｲﾃｨｽ,25T,箱
04987427141003,ﾊﾞｲｵｸﾛｰﾝ ｸｰﾑｽ血清,10ML,箱
04987562169207,ﾃﾞｨﾌｸｲｯｸ,500X3,箱
04987427164613,抗Dia血清 間接抗ｸﾞﾛﾌﾞﾘﾝ法用,2ML,箱
04987439060224,ｱｰｷﾃｸﾄ　SCC,100回X1,箱
04987670880803,MAXPIA-14,500MLX5,箱
04965838890437,ﾀﾞｲﾔｶﾗｰﾘｷｯﾄﾞCa基質試液,80MLX2,箱
04965838890468,ﾀﾞｲﾔｶﾗｰﾘｷｯﾄﾞCa酵素試液,60MLX2,箱
04987427161421,ｵｰｿ ﾊﾞｲｵｸﾛｰﾝ抗P1 食塩液試験管法用,2ML,箱
04987427161605,抗M血清(ｳｻｷﾞ),5ML,箱
04987670801105,ｲｵﾝｺﾚｸﾄS 4X15,4MLX15,箱
04987026161549,LZ-RF標準　栄研,1MLX6,箱
04987026106205,ｲﾑﾉﾋﾟｱﾘ　1,3MLX2,箱
04987631410148,ﾀﾞｲﾝｸﾞｶｯﾄ,400ML,箱
04987274645693,ﾈｽｺｰﾄVL-TBIL R-1 Gﾀｲﾌﾟ,90MLX6,箱
04987026106212,ｲﾑﾉﾋﾟｱﾘ　2,3MLX2,箱
04987274682087,ﾈｽｺｰﾄVL-DBIL R-1 Gﾀｲﾌﾟ,90MLX6,箱
04987295386308,ﾃﾞﾀﾐﾅｰL TC Ⅱ SR1,90mlX4,箱
04987427111006,ﾊﾞｲｵｸﾛｰﾝ 抗A,10ML,箱
04987427112003,ﾊﾞｲｵｸﾛｰﾝ 抗B,10ML,箱
04987026161525,LZﾃｽﾄ「栄研」　RF,20MLX1,箱
04987486705048,ｸﾞﾙｺｰｽ用内部標準液STD-H,250MLX6,箱
04987295433163,ﾃﾞﾀﾐﾅｰ L-IPⅡ AR-2,15MLX4,箱
04987502516207,ｶﾞﾙｻﾞ-ﾌﾞAB,10ﾃｽﾄ,箱
04987439067643,ｱｰｷﾃｸﾄ　βHCG,100回X1,箱
04987670801709,ISEｷｬﾘﾌﾞﾚｰﾀｰS(血清用),10MLX5,箱
04987551391008,ﾒﾃﾞｨｴｰｽRPR,R2 12MLX1 R1 18MLX2,箱
04987274662829,ﾈｽｺｰﾄVL-TBIL R-2 Gﾀｲﾌﾟ,50MLX6,箱
04987670801808,ISEｷｬﾘﾌﾞﾚｰﾀｰU(尿用),10MLX5,箱
04987479216438,N-A　LA　IgE,ｾｯﾄD2,箱
04987551488401,RPR標準血清,1MLX5,箱
04987551488500,RPRｺﾝﾄﾛｰﾙ,1MLX4,箱
04987439072982,ｱｰｷﾃｸﾄ　SCC･ｷｬﾘﾌﾞﾚｰﾀ,6濃度4ML,箱
04987427161728,ｵｰｿﾊﾞｲｵｸﾛｰﾝ抗Lea(ﾏｳｽ)食塩液試験管法用,2ML,箱
04987439067674,ARCHITECT　βHCGｷｬﾘﾌﾞﾚｰﾀ,6ﾉｳﾄﾞ各4ml,箱
04987551069013,ﾊﾞｲﾀﾙﾒﾃﾞｨｱ7H11-C寒天培地06901,5枚,箱
04987439066530,ﾌﾟﾛｰﾌﾞｺﾝﾃﾞｨｼｮﾆﾝｸﾞ液,25ML×4ﾎﾝ,箱
04987670801907,ISE洗浄液,12MLX10,箱
04987479216445,IgE標準液,2MLX5,箱
04987562020201,ｾﾙﾊﾟｯｸⅡEPK-300A,18.3L,箱
04987274697944,ﾈｽｺｰﾄVL-DBIL R-2Gﾀｲﾌﾟ,50MLX6,箱
04987427131004,重合ｳｼｱﾙﾌﾞﾐﾝ液,10ML,箱
05700699440747,ｵｰﾄﾁｪｯｸ5+ﾚﾍﾞﾙ1,30ｱﾝﾌﾟﾙ,箱
05700699440754,ｵｰﾄﾁｪｯｸ5+ﾚﾍﾞﾙ2,30ｱﾝﾌﾟﾙ,箱
0382902517818,ｸﾛﾑｱｶﾞｰｵﾘｴﾝﾃｰｼｮﾝ寒天培地,20枚,箱
04560133241788,ﾃｨｼｭｰｸﾘｱ,1473 18L,箱
04987026163994,ﾎﾟｱMRSA分離培地Ⅱ(E-MS97),10枚,箱
04987026009438,ﾐｭﾗｰﾌﾞｲﾖﾝ培地,21gX25,箱
04987439072999,ｱｰｷﾃｸﾄ　SCC･ｺﾝﾄﾛｰﾙ,3濃度8Ml,箱
04987177604742,NEG MIC 3.31E(J1016-331E),20枚,箱
04517715157128,DAB染色ｷｯﾄ,20ｶｲ,箱
04987295553953,ﾒﾀﾎﾞﾘｰﾄﾞ標準血清HDL･LDL-C測定用,2ML×4,箱
04987562409679,E-CHECK(XE)TYPE BS(XNN-101C),4.5ML×9,箱
04987295553793,ﾒﾀﾎﾞﾘｰﾄﾞHDL-C SR-1,90ML×2,箱
04987295553809,ﾒﾀﾎﾞﾘｰﾄﾞHDL-C SR-2,50ML×2,箱
04987177600423,ｴｰﾙﾘｯﾋ試薬,30ml,箱
04987481038950,ﾌﾞﾗｰﾑｽPCT-Q,1ﾃｽﾄ×25,箱
04571226470657,Binax NOW 肺炎球菌,12T,箱
04987503608666,FER標準液ｾｯﾄ,4段階濃度2mL×4,箱
04987026174969,9DEF27.DP酵母用EF27,5X10,箱
04987026043265,9-DP06.DP-RPMIﾌﾞｲﾖﾝ,10mlX50,箱
04987026045283,ABCM寒天培地,300g,箱
04987295262565,ﾃﾞﾀﾐﾅｰL UA SR-1,90mlX4,箱
04987295262589,ﾃﾞﾀﾐﾅｰ L UA SR-2,50mlX4,箱
04987295525608,ｴﾗｽﾀｰｾﾞﾃｽﾄ｢KMX｣,10テスト,箱
04987551691597,ｱﾈﾛﾊﾟｯｸCO2(A-62),2-3764-01,箱
04987270304945,ﾙﾐﾊﾟﾙｽfｻﾝﾌﾟﾘﾝｸﾞﾁｯﾌﾟ,96本×12,箱
04987026109510,ｼｰﾄﾞｽﾜﾌﾞγ2号,100検体,箱
,ピロリテックテストキット,20カイ,箱
0382902529583,クロモアガーカンジダⅡ,20枚,箱
04987551069143,バイタルメディアCCMA培地,10ﾏｲ,箱
,EDTA-2ナトリウム,500ｇ,本
,トリスアミノメタン,500ｇ,本
,ジエチルピロカーボネイト,10ｍｌ,本
04517715157517,α－ＮＡエステラーゼ染色キット,15回,箱
04987503326119,クイックナビ-COVID19Ag,10回,箱
,Pierce　DTT　No-Weigh　Format,5ｇ,箱
,ＴＵＲＢＯ　ＤＮＡ－ｆｒｅｅ　Ｋｉｔ,50reaction,箱
,Direct-Zol　Mag　Bead　RNA　Kit　With　TRI-Reagent,1ｘ96Preps,箱
,MagMAX　Viral/Pathogen,200回,箱
,UltraPure　DNａｓｅ/ＲＮａｓｅ-Ｗａｔｅｒ,500ｍｌ,本
04987481438248,エタノール（99.5％）分子生物学用,500ｍｌ,本
04987481443174,2-プロパノール　分子生物学用,500ｍｌ,本
,高効率ＴｏｔａｌＲＮＡ抽出キット　MagExtractorRNA,100回,箱
04987481435018,2-メルカプトエタノール,100ｍｌ,本
,THE　　RNA　Strage　　Solution,1ｍｌｘ10,箱
,MS2　ＲＮＡ　,500ul,本
,塩化亜鉛,500ｇ,箱
04987562413850,HISCL TATキャリブレータ,カク×1ホン,箱
04987562431267,HISCL TAT 試薬,100テスト,箱
04987539782347,ｼｶﾌｨｯﾄP-AMY-G7(SPS)R-1,20ML×3,箱
04987793114816,ｸﾞﾘｼﾝ酸解離ｼｽﾃﾑ,10ﾃｽﾄ,箱
04987502520389,ピロリテックテストキット,20回,箱
04987585705420,James試薬,5ｍｌｘ2,箱
04987585200574,アピ　20NE（非腸内細菌）,25枚,箱
04987585704928,PYZ試薬,5ｍｌｘ2,箱
04987585705628,FB試薬,5ｍｌｘ2,箱
04987585704942,ZYM A試薬,,箱
04987585704935,ZYM B試薬,,箱
04987502507243,ラピッドテスタ　ロターアデノ2,10回用,箱
04987692431007,”KBM”アネロウサギ血液寒天培地,,箱
04987502500985,ナノピアeTDMメトトレキサート,セット,箱
04987502500992,メトトレキサートキャリブレーター,2ML×6×1,箱
04987502501005,メトトレキサート検体希釈液,25mlx1,箱
04987502506871,メトトレキサート　コントロール,2ML×3×1,箱
04987026245010,KBディスク・アンピシリン（ABP）,,箱
04987026066288,KBディスク　セフポドキシム（CPX）,51枚ｘ2,箱
04987026216539,ドライプレート　栄研,,箱
04987026216546,感受性　ABCM ブイヨン　栄研,12ml×10,箱
04560158200873,アネロパック微好気（A-28）,30個,箱
0382902512615,TSAⅡ5％ヒツジ血液寒天培地,100枚,箱
04987427115011,オーソ　抗A1レクチン,2ｍｌ,箱
04987427116025,抗Hレクチン,2ｍｌ,箱
04987856110250,ファクターオート検体希釈液,,箱
04987427161520,バイオクローン抗Leb（マウス）食塩液試験管法用,2ml,箱
04987302078530,GEテスト　イムノクロマト-CD GDH/TOX「ニッスイ」,20ｶｲ,箱
04987550017183,アクアオートカイノスＴＰ-Ⅱ試薬　反応試液（Ⅰ）,260mL×2,箱
04987550017190,アクアオートカイノスＴＰ－Ⅱ試薬　反応試液（Ⅱ）,156mL×2,箱
04987550012102,アクアオートカイノスALB試薬　反応試液（Ⅰ）,180mL×4,箱
04987550012119,アクアオートカイノスALB試薬反応試液（Ⅱ）,90mL×4,箱
04987550018494,アクアオートカイノスUA-Ⅱ試薬　反応試液（Ⅰ）,135mL×4,箱
04987550018500,アクアオートカイノスUA-Ⅱ試薬　反応試液（Ⅱ）,90mL×2,箱
04987550020381,血清マルチキャリブレーター「カイノス」,3mL×4,箱
04987550008167,総蛋白・アルブミン標準血清,5mL×6,箱
04987551156249,LIM培地,50本,箱
04560133241047,ﾃｨｼｭｰﾃｯｸ・ﾍﾏﾄｷｼﾘﾝ3G,第1液15mL第2液500mL,箱
04560133241078,ﾃｨｼｭｰ・ﾃｯｸｴｵｼﾞﾝ,500mL,箱
04987026178288,ポアメディアSIM培地,50本,箱
04987026178295,ポアメディアVP半流動培地,50本,箱
04987026178370,ポアメディアOIML培地,50本,箱
04987026178394,ポアメディアアセトアミド培地,50本,箱
04987555013678,ﾐｭｰﾗｰﾋﾝﾄﾝⅡ寒天培地,20枚入,箱
0382902514169,TSAⅡ5％ﾋﾂｼﾞ血液寒天培地/ﾁｮｺﾚｰﾄⅡ寒天培地LDIP,100枚,箱
04987481312685,酢酸パラローザニリン,1本,箱
,タンニン酸,25ｇ,箱
,ﾊﾟﾗﾛｰｽﾞｱﾆﾘﾝ塩酸塩,1本,箱
04987562169405,ﾃﾞｨｸｲｯｸ染色液Ⅰ,,箱
04987562169504,ﾃﾞｨﾌｸｲｯｸ染色液Ⅱ,,箱
04987539772034,ｼｶﾌｨｯﾄCK（EPS200）R1,200ｍｌｘ3,箱
04987539772041,ｼｶﾌｨｯﾄCK（EPS150）R2,150ｍｌｘ2,箱
04987815005108,イムノエースFLU,10ﾃｽﾄ用,箱
04987815005306,ｲﾑﾉｴｰｽFlu60ﾃｽﾄ（輸送用ｽﾜﾌﾞ付）,60ﾃｽﾄ,箱
04987815009205,ｲﾑﾉｴｰｽRSV Neo（輸送スワブ付）,30ﾃｽﾄ,箱
04987815009304,イムノエースRSV Neo テストプレート,10ﾃｽﾄ,箱　
04987815015107,イムノエースマイコプラズマ,10ﾃｽﾄ,箱
04987815015206,ｲﾑﾉｴｰｽﾏｲｺﾌﾟﾗｽﾞﾏ（輸送用ｽﾜﾌﾞ付）,10ﾃｽﾄ,箱
04987815016203,イムノエースhMPV（輸送用スワブ付）,10ﾃｽﾄ,箱
04987815016302,ｲﾑﾉｴｰｽhMPVﾃｽﾄﾌﾟﾚｰﾄ,5ﾃｽﾄ,箱
04987815003258,ｲﾑﾉｴｰｽｱﾃﾞﾉﾃｽﾄﾌﾟﾚｰﾄ（10）,10ﾃｽﾄ,箱
04987815011208,ｲﾑﾉｴｰｽStrepA30ﾃｽﾄ（輸送用ｽﾜﾌﾞ付）,30ﾃｽﾄ,箱
04987503924933,LASAYｵｰﾄTP Ab（4ML 20ML×各1）,R1　40ｘ1　R2　20ｘ1,箱
04987503924940,TPAb用標準品,0.5×6ノウド,箱
04987503924957,TPAb用コントロール,2ml×2×3,箱
04987270297902,ﾙﾐﾊﾟﾙｽﾌﾞﾗｰﾑｽPCT免疫反応ｶｰﾄﾘｯｼﾞ,14ﾃｽﾄ×3,箱
04987270297919,ﾙﾐﾊﾟﾙｽﾌﾞﾗｰﾑｽPCT PCTｷｬﾘﾌﾞﾚｰﾀ,2濃度×2,箱
04987270297971,LPｺﾝﾄﾛｰﾙ ﾌﾞﾗｰﾑｽPCT,2濃度×6,箱
04987503924971,LASAYｵｰﾄRPR,R1 40×1 R2 20×1,箱
04987503924988,RPR標準液,0.5ml×各1本×5濃度,箱
04987503924995,RPRｺﾝﾄﾛｰﾙ,2ml×3本×2濃度,箱
04987481328075,硫酸,500ｍｌ,箱
04987551069167,ﾊﾞｲﾀﾙﾒﾃﾞｨｱESBL寒天培地,,箱
04987551066913,HK半流動確認培地,,箱
04560133242921,ﾃｨｼｭｰ・ﾃｯｸ　ﾎﾙﾏGO ﾎﾙﾏﾘﾝ中和剤,750g×16,箱
04987026170756,KBﾃﾞｨｽｸﾊﾞﾝｺﾏｲｼﾝVCM,51枚×2,箱
04987026221571,KBﾃﾞｨｽｸｸﾗﾌﾞﾗﾝ酸・ｱﾓｷｼｼﾘﾝACV,51枚×2,箱
04987763002051,エタノールスプレー,420ｍｌ,箱
04987539779378,ﾏﾙﾁｷｬﾘﾌﾞ6M,5ml×3,箱
04987026245010,KBﾃﾞｨｽｸ　ｱﾝﾋﾟｼﾘﾝ　ABP,51枚×2,箱
04987481289253,メチルアルコール,500cc,箱
04965838893315,ﾀﾞｲﾔｶﾗｰ・ｷｬﾘﾌﾞﾚｰﾀｰL,2ML×3ﾎﾝ,箱
04987539780381,ｼｶﾌｨｯﾄAMY-G7（7170）試薬2,20ml×4,箱
04987666601627,ラピッドインドール試薬R-IND,,箱
04987479212041,プレアルブミン標準液,1ml×6,箱
04517715403812,0.5％過マンガン酸カリウム液,500ML,箱
04987585704911,NIN試薬,5ML×2ﾎﾝ,箱
04987539782026,CK-MBキャリブ,1ml×3,箱
04987026204543,BDﾊﾞｸﾃｯｸ23F好気用ﾚｽﾞﾝﾎﾞﾄﾙＰ,30ml×50本,箱
04987026217574,BDﾊﾞｸﾃｯｸ23F嫌気用ﾚｽﾞﾝﾎﾞﾄﾙP,30ml×50本,箱
04987026222981,BDﾊﾞｸﾃｯｸ20F小児用ﾚｽﾞﾝﾎﾞﾄﾙP,40ml×10本,箱
04987026073415,KBﾃﾞｨｽｸｾﾌﾀｼﾞｼﾞﾑCAZ,51枚×2,箱
04987026109190,KBディスクイミペネムIPM,51枚×2,箱
04987026188386,KBディスクメロペネムMPM,51枚×2,箱
04987539779392,ﾄﾚｰｽｷｬﾘﾌﾞPLUS,1ml×3,箱
04987539779408,ﾄﾚｰｽﾁｪｯｸPLUS,2ml×3×2,箱
04987019100081,ｽﾜﾌﾞｶﾗｰ「ｲﾜｷ」PYR,100枚入,箱
04582212741743,K-CX/ｹｰｼｰｴｯｸｽ（迅速脱灰液）,1000ml,箱
04987270298060,ﾙﾐﾊﾟﾙｽＨTLV-Ⅰ/Ⅱ免疫反応ｶｰﾄﾘｯｼﾞｾｯﾄ,14ﾃｽﾄ×3,箱
04987502523113,ナノピアTAT,60ｶｲ,箱
04987502523120,TATｷｬﾘﾌﾞﾚｰﾀｰ,0..5×5,箱
04987502523137,TATコントロール,0.5×2×3,箱
04987026044231,ポテトデキストロース寒天培地,300g,箱
04987086590105,トロップＴセンシティブ,5回,箱
04987666601450,コバック試薬　IND,30ml,箱
04987302067220,P/Cｱｰｾﾞﾃｽﾄ-N,25ﾃｽﾄ,箱
04987302510344,ﾆｯｽｲﾌﾟﾚｰﾄCCMA培地EX,10枚,箱
04987503200754,病原大腸菌免疫血清「生研」1号ｾｯﾄN,2ml×59本,箱
05700699440211,tHbｷｬﾘﾌﾞﾚｰｼｮﾝ,4ｱﾝﾌﾟﾙ,箱
04987481273979,塩酸,500ｍｌ,箱
04989488402996,サイトクールⅡ,325ml,箱
04987427166211,ルイス型物質,3ML,箱
04987502520495,ﾙﾐﾊﾟﾙｽPIVKAⅡ-N,14ﾃｽﾄ×3,箱
04987502520501,ﾙﾐﾊﾟﾙｽPIVKAⅡ-N　ｷｬﾘﾌﾞﾚｰﾀｾｯﾄ,3ﾉｳﾄﾞ×2,箱
04987479213635,NｱｯｾｲTIA IgA-SH R-1 E-Type,60ml×4,箱
04987479213642,NｱｯｾｲTIA IgM-SH R-1 E-Type,60ml×4,箱
04987479207153,ﾏﾙﾁV-SH2標準液,1ml用×6,箱
04987539740569,ｶﾙﾏﾍﾟﾈﾏｰｾﾞ鑑別ﾃﾞｨｽｸplus,50回,箱
04987585322078,ID32Cアピ（酵母様真菌）,25ｶｲ,箱
04987585503071,API 50CH（研究用）,10ｶｲ,箱
04987585504108,API 50CHL メディア,10ﾎﾝ,箱
04987585005773,Etest メトロニダゾールMZ S30,30ﾏｲ,箱
04987026221663,イムノキャッチノロPlus,10回,箱
04987539782538,ｼｶﾌｨｯﾄCHE J（7170）試薬1,60ml×4,箱
04987539782545,ｼｶﾌｨｯﾄCHE J（7170）試薬2,20ml×4,箱
04987427163401,抗K（抗ｹﾙ）血清,5ML,箱
04987427163500,抗k（抗ｾﾗﾉ）血清,3ML,箱
04987427166020,ｼﾞﾁｵｽﾚｲﾄｰﾙ（DTT）ｷｯﾄ,１ｷｯﾄ,箱
04987211530051,ｽﾃﾘﾊｲﾄﾞ２w/v％液,5L,箱
04517715420215,ｷﾆｮﾝ・ｶﾙﾎﾞｰﾙﾌｸｼﾝ液（抗酸菌染色用）,500ML,箱
04987550022507,ｱｸｱｰﾄｶｲﾉｽCRE-Ⅲplus 反応試液（Ⅰ）,180ml×4,箱
04987550022514,ｱｸｱｵｰﾄｶｲﾉｽCRE-Ⅲplus反応試液Ⅱ,120ml×2,箱
04571226472156,C.DIFE QUIK CHEK コンプリート,２５テスト,箱
04987116403986,ラピッドエスピークラミジア,10ﾃｽﾄ,箱
04987486705031,GODｶｰﾄﾘｯｼﾞｾｯﾄ,,箱
,MicroScan;Dried Overnight-Gram Negative PanelQCSet,6菌株×2本,箱
,Haemophilus influenzae,2本,箱
,MicroScan;DriedOvernight-GramPositivePanelQCSet,１キット,箱
04987551119077,極東　オプトパネルMP ANA,5マイ,箱
04987551089363,極東ウマ溶血液加　ブルセラブロス,12ML×5,箱
04987479219514,N-ｱｯｾｲ LA IgE-S ﾆｯﾄｰﾎﾞｰ,セット,箱
04987479219538,N-ｱｯｾｲ LA IgE-S 標準液,1mlx7,箱
04517715159016,サムソン液（髄液細胞数算定用フクシン溶液）,100ｍｌ,箱
04517715350574,10％中性緩衝ホルマリン（3505用）,8ｍｌｘ100,箱
04517715350673,10％中性緩衝ホルマリン,25ｍｌｘ100,箱
04987479219514,N-ｱｯｾｲ LA IgE-S ﾆｯﾄｰﾎﾞｰ,,箱
04987479219538,N-ｱｯｾｲ LA IgE-S 標準液,,箱
04987503643100,ｼｽﾀﾁﾝC-ﾗﾃｯｸｽ「生研」ｼｽﾀﾁﾝC測定用試薬 DS-1,4.5MLX2,箱
04987503643117,ｼｽﾀﾁﾝC標準液,2MLX5,箱
04987503643124,ｼｽﾀﾁﾝCｺﾝﾄﾛｰﾙ,2MLX6,箱
04987585323006,アピラピッドＩＤ32Ａ,25回,箱
04987502522932,ナノピアIL-2R,Set,箱
04987502535888,IL-2RコントロールN,1ｍｌｘ2ｘ3,箱
04987502535871,IL-2RキャリブレータN,1.0ｍｌｘ4,箱
04987270295601,ルミパルスHBc-Ab-N免疫反応カートリッジ,14ﾃｽﾄｘ3,箱
04987270295618,ルミパルスHBc-Ab-N用標準液,1.5ｍｌｘ1,箱
04987439085913,BRAHMS PCT・アボット,100回,箱
04987439085937,ARCHITECT BRAHMS PCT・コントロール,3ｍｌｘ3ｘ2,箱
04987439085920,ARCHITECT BRAHMS PCT・キャリブレータ,2ｍｌｘ6,箱
04987832240025,C-Chip血球計算盤　FR　Grid,20枚,箱
04517715410728,メチレンブルー原液,500ｍｌ,箱
04987539720462,クロモアガーMRSAスクーリン培地,10枚,個
04987502536519,ナノピア KL-6キャリブレータ,1ml×4,箱
04987518313173,エクルーシス試薬 FT4Ⅲ,,箱
04987518313197,エクルーシス試薬FT4Ⅲキャリブレータ,,箱
04987666602464,POS COMBO 1J,20枚,箱
04987666602518,NEG EN COMBO 2J,20枚,箱
04987666602532,NEG EN MIC 2J,20枚,箱
04987666602549,NEG NF MIC 1J,20枚,箱
04987666602556,Neg Combo NF 2J,20枚,箱
04987666602570,MICroFAST 6J,20枚,箱
04987666602495,POS MIC 1J,20枚,箱
04987026165660,KBディスク　ガレノキサシン　GRNX,51枚ｘ2,箱
04987026143392,KBディスク　クラリスロマイシン　CAM,51枚ｘ2,箱
04987026103020,ＫＢディスク　タゾバクタムピペラシリン　Ｔ/Ｐ,51枚ｘ2,箱
04987026121116,ＫＢディスク　スルバクタムアンピシリン　Ｓ/Ａ,51枚ｘ2,箱
04987026003276,ＫＢディスク　セフェピム　ＣＦＰ,51枚ｘ2,箱
04987026283043,ＫＢディスク　ピペラシリン　ＰＩＰ,51枚ｘ2,箱
04987026222752,ＫＢディスク　セファゾリン　ＣＥＺ,51枚ｘ2,箱
04987026189154,ＫＢディスク　コリスチン　ＣＬ,51枚ｘ2,箱
04987026240596,ＫＢ　スルファメトキサゾール・トリメトプリム　ＳＴ,51枚ｘ2,箱
04987026286235,ＫＢディスク　ミノサイクリン　ＭＮＯ,51枚ｘ2,箱
04987026169385,ＫＢディスク　シタフロキサシン　ＳＴＦＸ,51枚ｘ2,箱
04987026100562,ＫＢディスク　クリンダマイシン　ＣＬＭ,51枚ｘ2,箱
04987026060699,ＫＢディスク　シプロフロキサシン　ＣＩＰ,51枚ｘ2,1
04987026000169,ＫＢディスク　レボフロキサシン　ＬＶＦＸ,51枚ｘ2,箱
04987503925312,TPAb標準品(1ml),1mL×6,箱
04987503925312,RPR標準品,1ｍｌ×5,箱
04987026226828,ポアＶｉヘモフィルス寒天培地,10枚,箱
04987585434818,ＣＨＲＯＭ　ＩＤ　ＥＳＢＬ,20枚,個
04987026227702,ポアメディア　ブルセラＨＫ寒天培地（ＲＳ）,10枚,個
04987551042900,ＤＤチェッカー　ＰＤ寒天培地（ＣＰ加）,20枚,箱
04987551043060,ＤＤチェッカー　サブロー寒天培地,20枚,箱
04517715158026,Ｆｅ染色キット（鉄染色キット）,20回,箱
04987481266001,ホルマリン　特級,500ｍｌ,本
04517715200015,ラピッドスプレー（スプレー式固定液）,75ｍｌ,箱
04560133243096,ティシュ・テック　ヘマトキシリン3Ｇ　,285ｍｌＸ4,箱
04560133243119,ティシュ・テック　エオジン,285mlx4,箱
04987427122019,オーソバイオクローンコントロール,10ml,本
04987501117559,抗酸菌検出用前処理液　ＣＣ-Ｅニチビー,セット,箱
04987026191829,GBS半流動培地,20本,箱
,シカジーニアス分子疫学解析POTキット黄色ブドウ球菌,120回,箱
,シカジーニアスDNA抽出試薬,120回,箱
,アガロースKＡNTO 　HC,100ｇ,箱
,10ｘＴＢＥ緩衝液,1Ｌ,本
,Quick-Load　Purple　50　ｂｐ　DNA　Ladder,250ｇｅｌLanes,個
,シカジーニアス分子疫学解析POTキット大腸菌用,30回,箱
,PureIT　Exozap　PCR　CleanUP　Ｋｉｔ,キット,個
,ＧｅｌＧｒｅｅｎ（ＴＭ）核酸ゲル水溶性（ｘ1000）,0.5ｍｌ,個
04987481631021,ＧｅｎｅＬａｄｄｅｒ100（0.1-2ｋｂｐ）,500μｌ,本
04987518315146,エクルーシス試薬　PSA　ｖ2（200）,200回,箱
04987518315634,エクルーシス試薬　TSH　ｖ2（200）,200回,箱
04987518315870,エクルーシスＴＳＨキャリブレータｖ2,4ｘ1.3ｍｌ,箱
04987518315177,エクルーシスＰＳＡキャリブレータｖ2,各2ｘ1ｍｌ,箱
04987502534898,コアグピアＰＴ－Ｌｉｑｕｉｄ,10ｍｌｘ10,箱
04987539783139,シカリキッドALP-IFCC(7170)試薬1,55ｍｌｘ4,個
04987539783146,シカリキッドALP-IFCC(7170)試薬2,20ｍｌｘ4,箱
04987539783252,シカフィットLD-IFCC(7170)試薬1,60ｍｌｘ4,箱
04987539783269,シカフィットLD-IFCC(7170)試薬2,33ｍｌｘ4,箱
0382902529583,クロモアガーカンジダⅡ,20枚,箱
0382902525004,PEA添加アネロコロンビアRS血液寒天培地/BBE寒天培地,10枚,箱
04987270260340,ルミパルスＳＡＲＳ－ＣｏＶ-2　Ａｇ,14テストｘ3,箱
04987270260357,標準　ＳＡＲＳ－ＣｏＶ-2　Ａｇセット,4濃度ｘ4,箱
04987270260364,LPｺﾝﾄﾛｰﾙ・ＳＡＲＳ－ＣｏＶ-2　Ａｇ,2濃度ｘ6,箱
04987270260371,鼻咽頭ぬぐい液用処理液セット,20ﾃｽﾄ,箱
04987551069143,バイタルメディアCCMA培地,10枚,箱
,トリスアミノメタン,500ｇ,本
04517715157517,α-NAエステラーゼ染色キット,15回,箱
04987503326119,クイックナビ　COVID19Ag,10回,箱
,MagMAX　Viral/Pathogen,200回,箱
04987481438248,エタノール（99.5％）分子生物学用,500ｍｌ,本
,高効率TotalRNA抽出キット　MagExtractorRNA,100回,箱
,MS2 RNA,500μL,箱
04987518499914,LightMix　Modular　SARS-Cov-2(COVID19）E-gene,96反応,箱
04987518499921,LightMix　Modular　SARS-Cov-2(COVID19）N-gene,96反応,箱
04987518499938,LightMix　Modular　SARS-Cov-2(COVID19）RdRP,96反応,箱
04987518219963,LightMix　Modular　EVA　RNA　ExtractionControl,96反応,箱
04987518221690,LightCyclerMaltiplex　RNA　Virus　Master,200回,箱
04987518219963,LighMix　Modular　EVA　RNA　Extract.Control,96回,箱
04987026082356,KBディスク　AZT,51枚ｘ2,箱
04987026239323,ぺたんチェックDD　MAX寒天培地,20枚,箱
04987026239408,ぺたんチェックＤＤ　ＭＬＣＢ寒天培地,20枚,箱
04987026239347,ぺたんチェックＤＤ　ＭＳＥＹ寒天培地,20枚,箱
,クイックチェイサー　Ｈ.ピロリ　テストプレート,10回,箱
,クイックチェイサー　Ｈ.ピロリ　採便セット,10回,箱
,アネロパウチ　ケンキ,20個,箱
,アネロパック用　パウチ袋,40枚,個
04987815019105,イムノエース　ＳＡＲＳ－ＣｏＶ-2,10回,箱
04987502515422,ラピッドテスタ　ノロ,10回,箱
,TaqPath新型コロナウイルスリアルタイムPCR検出キット,1000反応,箱
,TaqPath新型コロナウイルスリアルタイムPCR検出キット,1000回,セット
04987026164335,ドライプレート「栄研」DP34,5ﾏｲx10,箱
04987026009391,MIC用ミュラーヒントンブイヨン,12ｍｌｘ50,箱
04987026149219,滅菌生理食塩水,1mlx50,箱
,AcrometrixCoronavirus2019（COVID-19）RNAControl,20μｌｘ2,箱
,AcroMetrixSARS-Cov-2Control,1.5ｍｌｘ5,箱
04987502421150,テストチームS　APL,50回,箱
04571226473856,ダイナスクリーンHIV　Combo,20テスト,箱
,新型コロナ　SARS-CoV-2　Detection　Kit　Multi,100回,箱
,LongAmpHotStertTaw2xMasterMix,100回,箱
,1FLOW Cell,1個,箱
,アンピュアXP,60ｍｌ,本
,Flow　Cell　Wash　Kit,6回,箱
,Flow Cell Priming Kit,6回,箱
,スタンダードオリゴスケール50ｍｏｌ　50ｂｐ,100回,本
,スタンダードオリゴ　50nmol　　30ｂｐ,100回,本
,PCR　Bercoding Expansion　1-12,12Bercodingｘ12,箱
,Ligation Sequence Kit（LSK110）,6回,箱
,NextCompanion Module　for　Ligation Sequence,24reaction,箱
,16S　Barcoding  Kit 1-24,24barcodingx6,箱
,16S Barcoding Kit,12Barcodingx6,箱
,サポニン,25ｇ,本
,UltraPure SalmonSｐerm DNA,1ｍｘ5,箱
04987427133008,エンハンスメントソリューション,10ｍｌ,箱
04517715205713,サイトクイックA液,500ｍｌ,本
04517715205812,サイトクイックB液,500ｍｌ,本
04987815016500,イムノエース　ｈＭＰＶ,10テスト,箱
,HBSS，no　calcium，no　magnesium，no　phenol　red,500ｍｌ,本
04987270260678,検体処理液セット　ＳＡＲＳ－ＣｏＶ－２＆Ｆｌｕ,50ﾃｽﾄ,箱
04987562422944,セルパックDST,4Lx2,箱
04987562422968,スルホライザ（SLS-240A）,1.5Lx2,箱
04987562422982,ライザセルWNR（WNR-200A）,4Lx2,箱
04987562423019,フルオロセルWNR（WNR-800A）,82ｍｌｘ2,箱
04987562422999,ライザセルWDF（WDF-200A）,4Lx2,箱
04987562423026,フルオロセルWDF（WDF-800A）,42ｍｌｘ2,箱
04987562423002,ライザセルWPC（WPC-200A）,1.5Lx2,箱
04987562423033,フルオロセルWPC（WPC-800A）,12ｍｌｘ2,箱
04987562422951,セルパックDFL（DFL-300A）,1.5Lx2,箱
04987562423040,フルオロセルRET（RET-800A）,12ｍｌｘ2,箱
04987562423057,フルオロセルPLT（PLT-800A）,12ｍｌｘ2,箱
04987562425228,セルクリーンオート,4mlc20,箱
04987562423163,XN CHECK ST用　TYPE G,3ｍｌｘ9ｘ2,箱
04987562422906,セルパックDCL,20L,箱
04987562027538,メイグリンワルド染色液（SMS-800）,500ｍｌ,本
04987562027538,ギムザ染色液（SGS-800）,500ｍｌ,本
04987562460519,SP用濃縮リン酸バッファー（ｐｈ6.6）,1Ｌ,本
04987562460526,SP用濃縮リン酸バッファー（ｐｈ6.8）,1Ｌ,本
04987481289246,メタノール,特級,本
,スマートバッファ-pbs/PH7.4　500ｍｌ用,100錠,箱
04987562433988,レボヘムPT（PTR-210A）,8ｍｌｘ10,箱
04987562469659,レボヘムAPTT SLA,10ｍｌｘ10,箱
04987562469673,レボヘム0.025M塩化カルシウム液,10ｍｌｘ10,箱
04987562126408,トロンビン試薬LQ,3ｍｌｘ10,箱
04987562497508,イミダゾール緩衝液,25ｍｌｘ12,箱
04987562439997,レボヘムAT,3ｍｌｘ3ｘ2,箱
04987562428069,リアスオート　P-FDP,5ｍｌｘ2,箱
04987562441464,線溶系希釈液,38ｍｌ,箱
04987562405541,リアスオート　Dダイマー（GLL-200A）,5ｍｌｘ2,箱
04987562418152,コアグQAPコントロールⅠXⅡX,1ｍｌｘ5ｘ2,箱
04987562440030,レボヘムα2-AP,3ｍｌｘ3ｘ2,箱
04987562428083,線溶系コントロール,1ｍｌｘ2ｘ3,箱
04987562428083,コアグトロールN,1ｍｌｘ10,箱
04987562441471,P-FDP標準品120,1ｍｌｘ3,箱
04987562419111,Dダイマー標準品ネオ,1ｍｌｘ3,箱
04987562200436,ＣＡクリーンⅡ,5Ｌｘ１,箱
04987562499717,CN-COAGWASHER,2Lx1,箱
04987562200894,ベリクロームFXⅢ,30回,箱
04987562201037,血液凝固試験用コントロール血漿N,1ｍｌｘ6,箱
04987562201044,血液凝固試験用ｺﾝﾄﾛｰﾙ血漿P,1ｍｌｘ6,箱
04987562201068,血液凝固試験用標準ヒト血漿（GCH-100A）,1ｍｌｘ6,箱
04987562043040,オーレンベロナール緩衝液,500ｍｌ,箱
0382902520758,TSA5％SB/クロムアガーオリエンテーション,100枚,箱
04517715411213,チール・カルボールフクシン液（抗酸菌染色液）,100ｍｌ,本
,Flow Cell Wash Kit,48回,箱
,Flow Cell Priming Kit,48回,箱
,チールカルボールフクシン液,500ｍｌ,本
,PCR Bercoding Kit,12Bercodingｘ12,箱
,TRCReady用抗酸菌用菌試薬　EXTRAGENZR,96回,箱
,KOD　One　PCR　Master　Mix,200回,箱
,PlatinumⅡ　Hot-Stert　PCR　Master　Mix（2X）,200回,個
,EXP-RAP001　RAP Top Up Kit,18回,箱
04517715501808,ラボステインS,5ｍｌ,本
04987539783511,シカフィット　AMY-G7（7170-A）試薬2,16ｍｌｘ4,箱
04987502529252,ナノピア　LRG,Set,箱
04987502529269,ナノピア　LRG標準抗原,0.5ｍｌｘ5,箱
04987502547140,LRGコントロールセット,1.5ｍｌｘ2,箱
04987270260524,検体処理液　SARS-CoV-2＆Flu,40ｍｌｘ4,箱
04987518316891,エクルーシス試薬　SARS-CoV-2　Ag,200ﾃｽﾄ,箱
04987518316914,エクルーシス　プレチコントロール　SARS-CoV-2,2x2mlx3,箱
04987518316938,エクルーシス用　SARS-CoV-2　Ag　検体前処理液,1000ml,箱
04987518216921,エクルーシス用　SARS-CoV-2　Ag　検体前処理液C,500ml,箱
04987481141889,富士ドライケムスライド　HN3-WⅡQC,50枚,箱
04987481143265,富士ドライケムコントロールQN（NH3）,2x3ml,箱
04987518509071,SARS-CoV-2＆Flu A/B　ラピッド抗原テスト,25ﾃｽﾄ,箱
04987815022105,イムノエースSARS-CoV-2/Flu,10ﾃｽﾄ,箱
04987486018766,カラムユニット90,1本,本
04987486018773,溶離液90A,600mlx4,箱
04987486018780,溶離液90B,600mlx2,箱
04987486018810,溶血・洗浄液90H,2Lx3,箱
04987486026334,専用希釈液セット90,250mlx1,箱
04987486018827,キャリブレータ90,セット,箱
04987486018803,溶離液90CV-S,200mlx2,箱
04987486712855,ADAMS A1c　コントロール,0.5mL用×2本×2濃度,箱
0382902522300,MRSA選択培地/変法卵黄マンニット食塩寒天培地,20枚,箱
04987585008644,PF Plus培養ボトル（小児用）,50本,箱
04987585003830,FN Plus培養ボトル（嫌気用）,4mlx100本,箱
04987585003823,FA　Plus培養ボトル（好気用）,30mlx100本,箱
04987518317775,エクルーシス試薬　FT4Ⅳ,200ﾃｽﾄ,箱
04987518317812,エクルーシス　FT4Ⅳキャリブレータ,各2x1mL,箱
,ティシュマイキングダイスパチュラ（緑）,5mlx3,個
04987551451009,リボテスト　レジオネラ,10ｶｲ,箱
,Fast solve,18L,個
,パラマウントD,500ml,個
,ポントドライ3A,25個×4,個
,ポントドライ4A,25個×4,個
,キシレン,500ml,個
,前田変法レゾルシンフクシン液(弾性線維染色用),500ml,個
,ワイゲルト鉄ヘマトキシリンⅠ,500ml,個
,ワンギーソン液A,500ml,個
,ワイゲルト鉄ヘマトキシリンⅡ(塩化第二塩酸溶液),500ml,1
,ワンギーソン液B,500ml,個
,アガロースXP,1箱,箱
,カネカ簡易DNA抽出キット　version2,1箱,箱
04987518306595,エクルーシスコルチゾールⅡキャリブレータ,各2x1mL,箱
,エクルーシス試薬　コルチゾールⅡ,100回,箱
,イムノエースStrep A Neo,１個,個
045804162631399,センサーカセット300サンプル(FULL）,300回×2,箱
04580416263160,センサカセット100サンプルセット品,セット,箱
04580416263058,溶液パック,600回×2,箱
05700699058997,イアリーメンテナンスキット,1箱,箱
04580416266321,PerformanceSustention kit,1セット,箱
,ファインフロスト　ブルー20,100マイ,枚
,ファインフロスト　ホワイト20,100マイ,枚
04987559615007,ノーバス試薬カセット10,450テスト×4,個
04987559615816,ノーバス校正キット,230ｍL×4,箱
,リンスアデティブ,26ｍl×4,箱
,リクイチェック　クォンティファイプラスコントロール,12ｍＬ×5×2レベル,箱
,N-マルチスティックス　SG-L,100本,箱
,アテリカUA800キュベット,600個,箱
,K-CX,1L,個
04571426652051,おしぼり太郎スティックロングサイズ　GC210/F-150S,50本×8,個
,BOND用コンパクトポリマー検出システム,200テスト,個
,Bond Enzyme　Pretreatment kit,1ｷｯﾄ,個
,BOND用　Dewax Solution,1L,個
,BOND用　洗浄液(10X),1L,個
,BOND用　Epitope Retrieval Solutions 2,1L,個
,BOND用　Epitope Retrieval Solutions 1,1L,個
,BOND用　Aspirating Probe Cleaning System,15ｶｲ,個
,BOND用　Titraion　キット,1キット,個
,BOND用　ユニバーサルカバータイル,160コ,個
,BAP1,6ml,個
,Ki67 Antigen,7ｍｌ,本
,Cytokeratin20,7ｍｌ,本
,Cytokeratin20 AE1/AE3,7ｍｌ,本
,ｐ40,7ｍｌ,本
,Cytokeratin7,7ｍｌ,本
,NapsinA,7ｍｌ,本
,CD20ｃｙ,7ｍｌ,本
,CD3,7ｍｌ,本
,CD56,7ｍｌ,本
,ChromograninA,7ｍｌ,本
,ｐ53,7ｍｌ,本
,Synaptophysin,7ｍｌ,本
,CD10,7ｍｌ,本
,AMACR（P504S),7ｍｌ,本
,CD34,7ｍｌ,本
,Calretinin,7ｍｌ,本
,Vimentin,7ｍｌ,本
,MUM1，santa cruz， goat， mw， x200,7ｍｌ,本
,bc1‐6,7ｍｌ,本
,bc-1-2,7ｍｌ,本
,C-kit,7ｍｌ,本
,Cytokeratin17,7ｍｌ,本
,CD5,7ｍｌ,本
,Alpha-smooth　muscle,7ｍｌ,本
,CD79ａ,7ｍｌ,本
,Desmin,7ｍｌ,本
,ｐ63,7ｍｌ,本
,EBER-ISH,7ｍｌ,本
,Kappa,7ｍｌ,本
,Lambda,7ｍｌ,本
,CD21,7ｍｌ,本
,Cytokeratin19,7ｍｌ,本
,CD25 NCL-CD25,7ｍｌ,本
,CD4,7ｍｌ,本
,CD8,7ml,本
,Cyclin D1,7ｍｌ,本
,CD138（plasma　cell),7ｍｌ,本
,LCA　白血球共通抗原,7ｍｌ,本
,CD25,7ｍｌ,本
,CD30（ki-1),7ml,本
,EMA,7ml,本
,Estrogen　reseptor,7ｍｌ,本
,Progestrogen　reseptor,7ｍｌ,本
,CD68,7ｍｌ,本
,p16,7ｍl,本
,Cytokeratin 5/6,50テスト,個
,D2‐40(Podoplanin),50テスト,個
,p16  (CINtec p16 Histology),50テスト,1
,WT-1,50テスト,個
,GATA3,50テスト,個
,c-myc,50テスト,個
,PAX8,50テスト,個
,SATB2,50テスト,個
,サイトメガロウイルス(CMV）,50テスト,個
,TTF1(8G7G3/1),50テスト,個
,B-カテニン,50ﾃｽﾄ,個
,CD31,7ｍｌ,本
,コンビニエントトリミングナイフ　No.130,50枚,個
,コンビニエントトリミングナイフ　No.260,50枚,個
,Anti-MTAP，　Mouse-Mono(2G4),50ｇ,個
,BAP1,,本
,S-100,7ｍｌ,本
,抗体希釈液,100ml,本
04562457866982,DOG１,7ml,本
,Anti-Cytokeratin13，Mouse-Mono（KS-1A3）,,個
,kappa Probe/FITC,5.5ml,本
,LambdaProbe/FITC,5.5ml,本
04562457869471,Bond用　Fluorescein Antibody,3.75ml,個
04980679197316,婦人科用バイアル(保存液入り）,100ホン,箱
04980679197330,非婦人科用バイアル(保存液入り),100ホン,箱
04980679197347,婦人科用２L保存液(バイアル付）,2L,箱
04980679197361,非婦人科用２L保存液(バイアル付),2L,箱
04980679197378,LBC用前処理液,100ホン,箱
04980679197385,LBC用溶血剤,100ホン,箱
04980679197392,LBC用粘液融解剤,1L,箱
,N-アッセイ β2-m コントロール 尿用2 コントロール,2MLX4,個
,N-アッセイ β2-m コントロール 尿用1 コントロール,2MLX4,個
,N-アッセイ β2-m 標準液(尿用),2MLX6,個
,N-アッセイ β2-m 標準液(血清用),2MLX6,個
,N-アッセイ LA β2-MG-HⅡ,ｾｯﾄD8,個
,ラピッドインドール試薬R-IND,30ML,箱
,Bond ユニバーサルスライドラベル＆リボン,3000マイ,箱
,CA9抗体,100μL,本
,Anti　SDHB,150μL,本
,fumarate hydratase,100μL,本
,Rapid　barcoding sequencing kit96 V14,1箱,箱
,16S　Barcoding Kit　24　V14,1箱,箱
,Flow Cell Priming Kit XL,1箱,箱
,S-CCFA培地　10枚,1箱,箱
,GranzymeB,7ｍｌ,個
,CEA,7ｍｌ,個
,TIA-1抗体（G3）,200μg,個
04571226473863,ダイナスクリーン HIV Combo 100T,100テスト,個
,Melan　A,7ml,個
,Melanoma Marker HMB45,7ml,本
04571226475645,Pnbio　COVID-19/Flu A＆Bラピッドパネル,10テスト,箱
0479207795,N-アッセイ　IgG-SH R-2 Eタイプ,8箱×4,箱
0479207993,N-アッセイ　IgA-SH R-2 Eタイプ,5ｍl×4,箱
0479208198,N-アッセイ　IgM-SH R-2 Eタイプ,5ｍl×4,箱
,リバースサイトA１，B,10ML×2,箱
04987585206002,アピストレップ20プレート,,箱
05700699420589,比較電極用ﾒﾝﾌﾞﾗﾝﾎﾞｯｸｽ,942-058　D711,箱
,G-5型　樹脂再生,筒つき,箱
04560165142763,ﾊﾙｽﾋﾟｯﾂ2号沈査(ｽﾎﾟｲﾄ入)×,1000ｲﾘ,箱
04987486100676,感熱記録紙(ｱ-ｸﾚｲ),10067　58mm×25m　0452-073014,箱
04987270295410,ﾙﾐﾊﾟﾙｽHBsAb-N免疫反応ｶｰﾄﾘｯｼﾞ,14テスト×3,箱
04987562126590,ﾋﾟｱｻｾｯﾄNo.1(XE標準),,箱
04946247402008,ｽﾗｲﾄﾞｸﾞﾗｽ水切放,S1225　094-004-07,箱
04517715530105,4分画5F,53010-100,箱
04580161062254,1ccｽﾎﾟｲﾄ(硬質.無滅菌),2000ｲﾘ,箱
04517715902704,ｼﾗﾝS-5116(W),511615-100　0035-116277,箱
04987551691597,ｱﾈﾛﾊﾟｯｸCO2(A-62),2-3764-01,箱
,光源ﾗﾝﾌﾟ(L),BM10-61251,箱
04987350241078,ﾍﾞﾉｼﾞｪｸﾄⅡ真空採血管DK052K,100本　VP-DK052K,箱
04987270304945,ﾙﾐﾊﾟﾙｽfｻﾝﾌﾟﾘﾝｸﾞﾁｯﾌﾟ,96本×12　0004-397797　304945,箱
04987439070162,試薬ﾎﾞﾄﾙ用中蓋,0613-116771 4D18-03,箱
04987026109510,ｼｰﾄﾞｽﾜﾌﾞγ2号,E-MS62,箱
04987026109534,ｼｰﾄﾞｽﾜﾌﾞγ3号,E-MS64,箱
,SGｶｰﾄﾘｯｼﾞ05,0435-000018　811230,箱
,滅菌ｻﾝﾌﾟﾘﾝｸﾞﾁｭｰﾌﾞ,1.5mL　1000本,箱
04902470056999,ﾐｸﾛﾄｰﾑ替刃　A35,50枚,箱
04987537621709,採便ｾｯﾄ,50回,箱
04987026149257,ドライプレート用菌液トレイ,200個,箱
04987551691597,ｱﾈﾛﾊﾟｯｸ CO2,40個,箱
04517715900342,ｽﾀｰﾌﾛｽﾄ水縁磨5146（ﾌﾞﾙｰ）,100枚,箱
04538612044052,心電図記録紙FCP-7541,1冊,箱
04987481120785,乾熱滅菌ｱﾙﾐｷｬｯﾌﾟ　ｴﾝﾄﾞｷｼﾝ／β-ｸﾞﾙｶﾝ測定用,14.7×18㎜,箱
04987270306581,ﾙﾐﾊﾟﾙｽｼｽﾃﾑ用基質ｷｬｯﾌﾟﾊﾟｯｷﾝ,2枚,個
04987502423796,ｷｭﾍﾞｯﾄ,CP-2000用,袋
04987551785005,ｲﾝｾﾊﾟｯｸⅡ-D　SIM-P0705SQ-ｷｲﾛST　7ml(5ml),高速凝固促進剤/分離剤入,本
04987551656336,ﾐﾆｺﾚｸﾄ MP-10CH　ｸｴﾝ酸ﾅﾄﾘｳﾑ入り,採決量：1.0ml 薬剤：3.2,ﾊﾟｯｸ
04987559000216,ﾏﾙﾁｷｬﾋﾟﾗﾘｰｷｯﾄ,140μﾊﾞﾗﾝｽﾍﾊﾟﾘﾝ,箱
04987559000643,ｷｬﾋﾟﾗﾘｰｷｬｯﾌﾟ,473193／673394用,箱
04517715181833,ｶﾊﾞｰｸﾞﾗｽ,18×18㎜ ｵｰﾄﾌﾟｯｼｬｰ用,箱
04517715246051,SGC用ｶﾊﾞｰｸﾞﾗｽ 24×60㎜ ｻｸﾗﾌﾟﾘﾑｴｲﾄﾞ用,24×60㎜ ｻｸﾗﾌﾟﾘﾑｴｲﾄﾞ用,箱
04517715245054,SGC用ｶﾊﾞｰｸﾞﾗｽ 24×50㎜ ｻｸﾗﾌﾟﾘﾑｴｲﾄﾞ用,24×50㎜ ｻｸﾗﾌﾟﾘﾑｴｲﾄﾞ用,箱
04517715900328,ｽﾀｰﾌﾛｽﾄｽﾗｲﾄﾞｸﾞﾗｽ　水縁磨ｲｴﾛｰ,厚さ1㎜ ﾌﾛｽﾄ15㎜ 100枚入,箱
04517715900335,ｽﾀｰﾌﾛｽﾄｽﾗｲﾄﾞｸﾞﾗｽ　水縁磨ﾋﾟﾝｸ,厚さ1㎜ ﾌﾛｽﾄ15㎜ 100枚入,箱
0382903682737,BDﾊﾞｷｭﾃｨﾅ採血管,1.8ml 3.2％ｸｴﾝ酸Na ﾍﾓｶﾞｰﾄﾞ,本
0382903637065,ﾏｲｸﾛﾃｨﾅ MAP 微量採血管,13×75 EDTA2K,箱
0382903679331,ﾍﾓｶﾞｰﾄﾞﾌﾟﾗｽ(BD ﾊﾞｷｭﾃｲﾅ採血管)　血糖,2ml ﾌｯ化Na+EDTANa2,本
0382903678624,ﾍﾓｶﾞｰﾄﾞﾌﾟﾗｽ(BD ﾊﾞｷｭﾃｲﾅ採血管)　ＢＮＰ用,4ml EDTA2K,本
0382903659012,ﾍﾓｶﾞｰﾄﾞﾌﾟﾗｽ(BD ﾊﾞｷｭﾃｲﾅ採血管)　ヘパリンリチウムNH3,4ml ﾍﾊﾟﾘﾝﾘﾁｳﾑ 緑 ﾉﾝﾗﾍﾞﾙ,本
0382903659005,ﾊﾞｷｭﾃｨﾅ EDTA2K入り採血管　輸血,ﾍﾓｶﾞｰﾄﾞ ﾉﾝﾗﾍﾞﾙ 6ml ﾌﾟﾗｽﾁｯｸ,本
0382903659852,ﾏｲｸﾛﾃｨﾅ ﾏｲｸﾛｶﾞｰﾄﾞﾁｭｰﾌﾞ 微量採血管（ﾐﾝﾄｸﾞﾘｰﾝ）,ﾍﾊﾟﾘﾝﾁｳﾑ／血漿分離剤 10×46㎜,袋
04987518303037,ｴｸｰﾙｼｽｱｯｾｲｶｯﾌﾟ／ﾁｯﾌﾟM,ｶｯﾌﾟ/ﾁｯﾌﾟ48個 ｸﾘｰﾝﾗｲﾅｰM×8枚,ｾｯﾄ
04580161061356,日立ｻﾝﾌﾟﾙｶｯﾌﾟ,ﾉｰﾏﾙﾀｲﾌﾟ,個
04582168541572,ｼｽﾃﾑｶｾｯﾄ Ⅱ-M,無分画 ｲｴﾛｰ ﾌﾀ白,個
,RMｷｬｯﾌﾟ,2000個入,箱
04580161062506,1ccｽﾎﾟｲﾄ 2号,1ml 硬質,本
,定性濾紙,№2 直径90㎜,箱
,ﾁｯﾌﾟ　2000μl,搬送ｼｽﾃﾑ消耗品 3000本入,箱
,ﾗﾍﾞﾙ(単品),TBL-GM-001,巻
,子分注用試験管,搬送ｼｽﾃﾑ消耗品 4000本入,箱
04560340666015,ﾐｸﾛﾄｰﾑ替刃,80㎜ High 818／819ｼﾘｰｽﾞ,枚
04538612019696,ｴｺｰﾊﾟﾄﾞ　OJ-09 四肢電極用,OJ-09 四肢電極用,箱
04538612019597,ｴｺｰﾊﾟﾄﾞ　OJ-06 成人用 胸部用電極,OJ-06 成人用 胸部用電極,箱
04538612861383,口型ﾏｳｽﾋﾟｰｽ,肺機能検査用,個
,病理用ﾗﾍﾞﾙ用紙,ﾚｰｻﾞｰﾌﾟﾘﾝﾀ用　A4,枚
04560196156616,ﾍﾏﾄｸﾘｯﾄ毛細管,赤 ﾍﾊﾟﾘﾝ処理済,個
04987488026899,ｾｸﾞﾒﾝﾄｶｯﾀｰ,,本
04942962250617,ｱﾙｺﾞｷｯﾄⅡ ｿﾌﾄｹﾞﾙ,36個,ｾｯﾄ
04942962250542,ﾗﾍﾞﾙ記録紙,ﾈｲﾀｽｱﾙｺﾞ用 3・3i・2eｶﾗｰ用,巻
04987350239434,ﾍﾞﾉｼﾞｪｸﾄⅡﾋﾟｱｯｼﾝｸﾞｻﾝﾌﾟﾗｰ,ﾍﾞﾉｼﾞｪｸﾄⅡ専用,箱
04987350241078,ﾍﾞﾉｼﾞｪｸﾄⅡ真空採血管 ＤＫ052Ｋ,血液検査用 5ml管(2ml採血) 薄紫,箱
04987350239457,ﾍﾞﾉｼﾞｪｸﾄⅡ廃棄用ｷｬｯﾌﾟ,5／7ml用,箱
04902011621648,ｴﾘｴｰﾙﾌﾟﾛﾜｲﾌﾟｿﾌﾄﾜｲﾊﾟｰ,S200　195×125㎜,箱
04902011621600,ｴﾘｴｰﾙﾌﾟﾛﾜｲﾌﾟﾘｻｲｸﾙﾀｵﾙ,405×315㎜ 帯どめ,ﾊﾟｯｸ
04987691149006,培養ﾁｭｰﾌﾞ,ｷｬｯﾌﾟ付 4ml,本
05700699060204,ｸﾛｯﾄｷｬｯﾁｬｰ(ｷｬﾋﾟﾗﾘｰ用),ABL700ｼﾘｰｽﾞ用 250個入,箱
04580416260268,ｻｰﾏﾙﾍﾟｰﾊﾟｰ,血液ｶﾞｽｼｽﾃﾑ ABL700ｼﾘｰｽﾞ用,巻
04580136606353,耐ｱﾙｺｰﾙ合成紙ﾗﾍﾞﾙ　SPTE35M-5035-18,6巻入,巻
04580361340046,ｸｲｯｸｱｲﾊﾟｰﾄﾅｰ　3.8％ｸｴﾝ酸ﾅﾄﾘｳﾑ抗凝固剤入,血沈検査　80本,箱
04987562408634,ｻﾝﾌﾟﾙｶｯﾌﾟｺﾆｶﾙ,CA-1500用,個
,ｲﾏｰｼﾞｮﾝｵｲﾙＮ,50ml,本
04931921807903,ｴﾊﾞｰﾄﾚｰｽ　C452 脳波計用,245㎜×300m 30㎝折,冊
,ﾃｽﾄﾁｭｰﾌﾞ　12ｘ75ｍｍ,4.5ml,箱
04538612044076,純正記録紙（心電図検査用）,210㎜×300m 折ﾀﾀﾐ1017ﾍﾟｰｼﾞ,冊
04560165532632,ﾊｲﾊﾟｰﾌｨﾙﾀ ﾊｲﾌﾞﾘｯﾄﾞ,肺機能検査用,箱
04538612053546,ﾆｯﾌﾟﾛｰﾃﾞⅢ 32ｘ13mm　小児用　TEE-173DNS,32ｘ13mm　小児用　TEE-173DNS,ﾊﾟｯｸ
04538612051562,ｴｺｰﾄﾞﾚｲﾌﾟM　OAH-430M,100枚,枚
04538612053641,ｴｸｾﾛｰﾃﾞW TEH,ASH-190 消耗品ﾊﾟｯｸ FM-190用,ｾｯﾄ
04538612029943,ﾏｸﾞﾈﾛｰﾃﾞ　ｿﾘｯﾄﾞｹﾞﾙﾀｲﾌﾟ,径50㎜ TE-18M-5 5個入,袋
04538612020384,純正記録紙　白紙 薄手（ホルター）,幅216㎜×500m 折畳 1786ﾍﾟｰｼﾞ,冊
,ﾃﾞｨｽﾎﾟｰｻﾞﾌﾞﾙ培養試験管,5ml 12×72㎜,箱
,ﾊﾟﾗﾌｨﾙﾑM,4ｲﾝﾁｘ125ﾌｨｰﾄ,巻
04987274240768,ﾈｽｺﾏｰｶｰ,ﾈｽｺﾏｰｶｰ 青,箱
,ﾌｨﾙﾀｰﾁｯﾌﾟ,1-40μl 96本／ﾗｯｸ 1055-965,個
04582241572554,V底自立型ﾁｭｰﾌﾞ(ｱｼｽﾄﾁｭｰﾌﾞ),3.5ml,箱
04582241573131,ｱｼｽﾄﾁｭｰﾌﾞ,50ml V底 ｽｸﾘｭｰｷｬｯﾌﾟ赤,箱
04582241596291,ﾋﾟﾀﾗｯｸ滅菌ﾌｨﾙﾀｰﾁｯﾌﾟ,200μl ﾛﾝｸﾞ 96本／ﾌﾟﾚｰﾄ入,個
04582241595324,ﾋﾟﾀﾗｯｸ滅菌ﾌｨﾙﾀｰ交換ﾌﾟﾚｰﾄ,100μl 96本／ﾗｯｸ,個
04580187161597,ﾃﾞｨｽﾎﾟﾆｰﾄﾞﾙ,ﾊﾞｲｵﾚｯﾄ,本
04580187161559,ﾊｰﾄﾞﾙｰﾌﾟ　ﾀﾞｰｸｸﾞﾘｰﾝ1μｌ,ﾀﾞｰｸｸﾞﾘｰﾝ　1μｌ,本
04580187161566,ﾊｰﾄﾞﾙｰﾌﾟ　ﾀﾞｰｸﾌﾞﾙｰ 10μｌ,ﾀﾞｰｸﾌﾞﾙｰ 10μｌ,本
,ｲﾝﾅｰｷｬｯﾌﾟ　ｵｰﾄｸﾚｰﾌﾞ不可,12㎜用 12.5×16.2㎜(W×H),袋
04987026703206,滅菌ｽｸﾘｭｰｺﾝﾃﾅ,100ml,箱
04987631520229,ﾆｯｻﾝｱﾉﾝ＃300,3㎏,本
04987302065943,ｱﾈﾛﾒｲﾄ-J,ｼﾞｬｰﾀｲﾌﾟ 10枚用ｘ50セット,ｾｯﾄ
0382904913298,ｾﾄﾘﾝｸﾞﾁｬﾝﾊﾞｰ,ﾌﾟﾚｯﾌﾟｽﾃｲﾝｼｽﾃﾑ用 96個入,袋
0382904910754,ﾌﾟﾚｺｰﾄｽﾗｲﾄﾞ,96J 26×76㎜ 96枚入,箱
0382904905156,遠心ﾁｭｰﾌﾞ,ﾌﾟﾚｯﾌﾟｽﾃｲﾝｼｽﾃﾑ用 480本入,袋
,包埋ﾌﾞﾛｯｸ：ｶｾｯﾄ整理箱,K-15B型 ﾌﾞﾛｯｸ：ｶｾｯﾄ兼用,個
04987026711867,γ滅菌NEｼｬｰﾚ,87.5×13㎜,箱
04517715433215,ﾄﾘﾐﾝｸﾞﾅｲﾌ,№130,枚
,epTIPｽﾀﾝﾀﾞｰﾄﾞ　50-1000μl,青1000本入,袋
04987481153554,ﾊﾞｲｵｸﾘｰﾝﾁｯﾌﾟ　ﾜｺｰEXT,ｴﾝﾄﾞｷｼﾝ／β-ｸﾞﾙｶﾝ測定用,本
,無滅菌3MLスポイト,250本×8袋,箱
,1mlｼﾘﾝｼﾞ,YZD5490-02,箱
,試薬ｼﾘﾝｼﾞOﾘﾝｸﾞ,YZG984-01,箱
,試薬ｼﾘﾝｼﾞｼ-ﾙ,YZE5283-01,箱
,試薬ｼﾘﾝｼﾞﾁｯﾌﾟ,YZE5285-01,箱
,ｻﾝﾌﾟﾙｼﾘﾝｼﾞ用Oﾘﾝｸﾞ,YZG895-04,箱
,ｻﾝﾌﾟﾙｼﾘﾝｼﾞｼ-ﾙﾁｯﾌﾟ-1,YZE5279-01,箱
,ｻﾝﾌﾟﾙｼﾘﾝｼﾞﾁｯﾌﾟ,YZE5281-01,箱
,光源ﾗﾝﾌﾟ,M5140048,箱
,乾燥ﾉｽﾞﾙﾁｯﾌﾟ,0685-800326,箱
,ｻﾝﾌﾟﾙﾌﾟﾛ-ﾌﾞ,PM10-514281,箱
,電極ｻｸｼｮﾝ用ﾋﾟﾝﾁﾊﾞﾙﾌﾞﾁｭ-ﾌﾞ2,PM10-562502,箱
,ﾍﾞﾛ-ｽﾞｱｯｾｲ,YZY5939-01,箱
,ﾎﾟﾍﾟｯﾄﾊﾞﾙﾌﾞｾｯﾄ,YZY5941-01,箱
04987350241238,ﾍﾞﾉｼﾞｪｸﾄⅡｵ-ﾄｾｯﾌﾟVP-AS076K,VP-AS076K,箱
04987350241191,ﾍﾞﾉｼﾞｪｸﾄⅡ真空採血管VP-FH052K,VP-FH052K,箱
05700699420640,PO2電極ﾒﾝﾌﾞﾗﾝﾎﾞｯｸｽ,942-064　D799,箱
05700699420633,PCO2電極ﾒﾝﾌﾞﾗﾝﾎﾞｯｸｽ,942-063　D788,箱
05700699420626,Na電極ﾒﾝﾌﾞﾗﾝﾎﾞｯｸｽ,942-062　0571-571972,箱
05700699420596,K電極用ﾒﾝﾌﾞﾗﾝﾎﾞｯｸｽ,D722　942-059,箱
05700699420602,Ca電極ﾒﾝﾌﾞﾗﾝﾎﾞｯｸｽ,942-060　D733,箱
05700699420619,CL電極ﾒﾝﾌﾞﾗﾝﾎﾞｯｸｽ,942-061,箱
04946247402008,ｽﾗｲﾄﾞｸﾞﾗｽ水切放,S1225　094-004-07,箱
04987458398056,尿ｶｯﾌﾟ 紙 200cc,2500個,箱
,ﾌｧｽﾃｨｯｸ ﾏｲｸﾛﾌﾟﾚｰﾄU,50枚,箱
04517715530105,4分画5F,53010-100,箱
04580161062254,1ccｽﾎﾟｲﾄ(硬質.無滅菌),2000ｲﾘ,箱
04946247413707,ﾌｧｲﾝﾌﾛｽﾄ ﾌﾞﾙｰ,0902-313266　FF-004,箱
05700699420664,ﾗｸﾃｰﾄ電極用ﾒﾝﾌﾞﾗﾝﾎﾞｯｸｽ,D7077　0571-408061,箱
04517715902704,ｼﾗﾝS-5116(W),511615-100　0035-116277,箱
04987270301166,ﾙﾐﾊﾟﾙｽ ｿｰﾀﾞﾗｲﾑ,2本×6袋　301166,箱
,ﾔﾊﾞｼﾗｲﾑF,0947-367055,箱
04987562418213,保持具 No.126,ﾎﾜｲﾄ,箱
,FAC-2 ｶｰﾎﾞﾝｶｰﾄﾘｯｼﾞ,FAC-2,箱
,ﾌｨﾝﾋﾟﾍﾟｯﾄF1,100-1000uL,箱
,ｽﾀｰﾗ,BMS10-4621,箱
04580416260527,ABL7XXQAﾊﾟｰﾂｷｯﾄ,,箱
04538612053539,ﾆｯﾌﾟﾛｰﾃﾞⅢ TEE-173DN,TEE-173DN,箱
04987502429569,CP2000用洗浄ﾀﾝｸﾌｨﾙﾀｰ(大)Ｌ25,429569　,箱
04987502429514,CP2000用ｻﾝﾌﾟﾙﾌﾟﾛｰﾌﾟ,429514,箱
04987502429521,CP2000用試薬ﾌﾟﾛｰﾌﾞ,429521,箱
04987270300329,ﾏｲｸﾛﾌﾟﾚ-ﾄU,50枚,箱
04538612053535,ﾆｯﾌﾟﾛｰﾃﾞⅢ 小児用,TEE-173DNS,箱
04987502433887,CP2000用洗浄ﾀﾝｸﾌｨﾙﾀｰ(小)Ｌ5,433887,箱
,PF用濾材 5ﾐｸﾛﾝ,,箱
04987502413810,光源ﾗﾝﾌﾟ,429507,箱
04987481144064,ﾍﾞﾉｼﾞｪｸﾄⅡ真空採血管(滅菌品),100本,箱
,TKIT c8＆120 N,セット,箱
,光源ﾗﾝﾌﾟ(L),BM10-61251,箱
04946247413509,ﾌｧｲﾝﾌﾛｽﾄ ｲｴﾛｰ,ＦＦ-002,箱
04987502413810,光源ﾗﾝﾌﾟ　CP2000用,429507,箱
,ｻﾝﾌﾟﾙｱｰﾑﾍｯﾄﾞﾁｭｰﾌﾞ,PM10-507601,箱
,ASP用 活性炭ﾌｨﾙﾀｰ,,箱
,ﾌﾟﾚｯﾌﾟ ｽﾃｲﾝ ｽﾗｲﾄﾞﾗｯｸJ,セット,箱
,ﾐｸﾛﾄｰﾑｽｸﾘｭｰｾｯﾄ,No.160/240,箱
,特注ｵﾌﾞｼﾞｪｸﾄ障子ﾏｯﾍﾟ(345×187)裏ﾍﾞﾆｱ,,箱
04987350241078,ﾍﾞﾉｼﾞｪｸﾄⅡ真空採血管DK052K,100本　VP-DK052K,箱
04987439083452,ARCHITECT　ｱﾅﾗｲｻﾞｰ用反応ｾﾙ,7C15-03,箱
04987439070162,試薬ﾎﾞﾄﾙ用中蓋,200個,箱
,GA1171用ﾋﾟｱｽﾉｽﾞﾙ代,0451-990753,箱
04987502433887,CP2000用ﾌｨﾙﾀｰL5,433887,箱
04987502429569,CP用ﾌｨﾙﾀｰL25,429569,箱
,ｴﾚｸﾄﾛｰﾄﾞ(電極ｾﾝｻｰ),1個,箱
0382903679898,ﾍﾓｶﾞｰﾄﾞﾌﾟﾗｽ SST採血管　生化学,367989,箱
04987502432057,CP2000用ﾌｧﾝﾌｨﾙﾀｰ(小),432057,箱
04987502432064,CP2000用ﾌｧﾝﾌｨﾙﾀｰ(大),432064,箱
04987502429538,CP用ﾋﾟﾍﾟｯﾀﾊﾟｯｷﾝASSY CP,429538,箱
04987502429545,PC用ﾋﾟﾍﾟｯﾀﾊﾟｯｷﾝAssy,429545,箱
04987502429583,CP2000用CHUCK ASSY,429583,箱
,恒温水供給用ﾍﾟﾘｽﾀﾎﾟﾝﾌﾟﾁｭｰﾌﾞ,1箱,箱
,恒温水ﾌｨﾙﾀ,BSM10-5677,箱
,乾燥ﾉｽﾞﾙﾁｯﾌﾟ,4M09-00355,箱
04987026109480,ｼｰﾄﾞｽﾜﾌﾞγ1号,100検体,箱
04987026109534,ｼｰﾄﾞｽﾜﾌﾞγ3号,100検体,箱
04987666601269,消耗品ｻｰﾋﾞｽﾊﾟｯｸ WA Plus,JP10361,箱
,SGｶｰﾄﾘｯｼﾞ05,1本,箱
04987502486340,CP2000用ｽﾌﾟﾘﾝｸﾞｶﾞｽ,486340,箱
,活性炭ﾌｨﾙﾀｰPF-RC-S,1本,箱
,ﾏﾙﾁﾌｨｯﾄMulFitｲｴﾛｰﾊﾞﾙｸ入り,1000本,箱
04987502429552,CP用ﾌｨﾙﾀｰ10×10,429552,箱
,ﾍﾊﾟｽﾌｨｱ,50-100μm,箱
,滅菌ｻﾝﾌﾟﾘﾝｸﾞﾁｭｰﾌﾞ,1.5mL　1000本,箱
05700699456144,pH電極　E777,,箱
04560165161900,PPフィブリン棒Ⅲ500本包装,1000ﾎﾝ,箱
04901750102401,キムワイプ　Ｓ-200,200枚,箱
04901750101305,キムタオル　茶色　4つ折りタイプ,50枚,箱
04538612052040,ケラチンクリーム　140G,1ﾎﾝｲﾘ,箱
04571349390351,心電計誘導コードワニグチ,10本組,箱
04582168542548,ｼｽﾃﾑｶｾｯﾄⅡ-M ﾖｺ2分画本体ﾋﾟﾝｸ白ﾌﾀ入,1000イリ,箱
04582168543651,ｼｽﾃﾑｶｾｯﾄⅡ-S 4分画本体ﾗｲﾄｸﾞﾘｰﾝ白ﾌﾀ入,1000イリ,箱
04582168544658,ｼｽﾃﾑｶｾｯﾄⅡ-S 6分画本体ﾌﾞﾙｰ白ﾌﾀ入,1000イリ,箱
04580136605868,耐ｱﾙｺｰﾙﾗﾍﾞﾙ　　STE35M-5030-20,6巻入,箱
04560165153127,滅菌綿棒チューブ10本包装,1000本,箱
,UA-2用感熱記録紙,5巻,箱
04582241597229,ピタラック滅菌フィルターチップ100μL,,箱
04987518303051,ｴｸﾙｰｼｽPC/CCｶｯﾌﾟM,12ｺ,箱
,濾紙No.2 150mm,100ﾏｲ,箱
0382904914356,ｼｭｱﾊﾟｽ用手法ｷｯﾄ480,480ﾃｽﾄ,箱
04538612043882,ﾎﾙﾀｰ用ﾃﾞｨｽﾎﾟｶﾌ（Ｓ）,10枚,箱
04538612043899,ﾎﾙﾀｰ用ﾃﾞｨｽﾎﾟｶﾌ（Ｍ）,10枚,箱
04538612043905,ﾎﾙﾀｰ用ﾃﾞｨｽﾎﾟｶﾌ（Ｌ）,,箱
,ASP用活性炭ﾌｨﾙﾀｰ,1枚,箱
04580136606537,らくらくお掃除キット,100枚入,箱
04538612058158,ホルタ用ディスポ電極エクセローデＴ,1箱,箱
04580343740028,心電図電極ｴｸｾﾛｰﾃﾞW小児用,1箱,箱
04538612044779,行動記録カード（防水）,,箱
04538612058183,ホルタ心電図消耗品パック（防水）,,箱
04538612017497,両面接着カラー　DA-30,150枚,箱
04987479511656,ｻｰﾏﾙﾛｰﾙ紙,58mm,箱
05700699428936,ｾｰﾌｸﾘﾆﾁｭｰﾌﾞD957P-70-125,250本,箱
04987270306628,シリンジLP-G1200用,1個,箱
04987666600620,バーコードラベル（Dadeバーコードプリンタ）,4235ﾛｰﾙ,箱
04560165532649,シリコンマウスピース　HF-M-2,1個,箱
04987350239471,採血管キャップXX-VP05C,1000ｺ,箱
04582241585806,ﾋﾟﾀﾗｯｸ滅菌ﾌｨﾙﾀｰﾁｯﾌﾟ交換ﾌﾟﾚｰﾄ1000μl(PP),1000μｌ　96ｘ9,箱
04946247006206,ヘモカバーグラス　22×24,25枚,箱
04987019102047,マイクロバンク,80ﾊﾞｲｱﾙ,箱
04987763105776,セルホワイト　CL-50,50mlX2,箱
04970687206513,おたふく手袋4140マチ無スムス12双　Ｌ,12双,袋
,セルホワイトCL-50,50ｍｌ,箱
04517715433529,ヒストカッターＰＬＡＳＭＡ　ＬＨ35,50枚,箱
,PFカートリッジ3ミクロン,1本,本
04538612020704,脳波用記録紙　OP-0147TR,1冊,箱
04538612183720,脳波用ペースト　TEN20-8J,3個,箱
05700699456199,ラクテート電極　E7077,,個
04987270306888,ルミパルスシステム用ポンプチューブ,1個,箱
,フィンチップフィルター,24本ｘ5ラック,箱
04517715433536,ヒストカッター　ＰＬＡＳＭＡ　ＬＳ35,50枚,個
04582168547918,システムカセットⅡSS　タテ4分画　透明フタ入,1000個,箱
04582212745086,ＥＤＴＡ中性脱灰液「ＥＤＴ-Ｘ」,1Ｌ,本
04987551656404,ミニコレクト　ＭＰ-10Ｃ（凝固用）,50本,袋
,ホワイトダイクリーン（器具用）,1Ｋｇ,本
04987763103765,ホワイトティシュコート　Ｍ-2,120ｍｌ,本
04987518306298,ｅ601/602用ピンチバルブチューブ,2ｘ4本,個
04902470056012,フェザーミクロトーム用替刃　Ｓ22,50枚,箱
0382903678464,ヘモガードプラス　採血管　EDTA-2K,100本,箱
,1ｃｃスポイト　軟質,5000本,箱
,試薬プローブ　R.PROBE-ASSY,1本,本
,4ｍｌセラムチューブ　赤,300個,箱
05700699456137,PO2電極　E799,,個
04987603426405,ジアワイプ0.1,70枚,個
,エッペンドルフ　50-1250ｕｌチップ,480本,箱
,ＡＲＴ疎水性フィルター付チップ　10μｌ,960本,箱
,0.2ｍｌキャップ一体型ＰＣＲチューブ8連チューブ,120入,箱
,ファインフロストホワイト　5輪外径5ｍｍ黒UV,100枚,箱
04560165134751,PSオートチューブ　丸底,2000本,箱
04545493053084,セラムチューブ　アウターキャップ4ｍｌ　（赤）,300本,箱
04580161061691,0.5ｍｌダブルカップ,1000入,箱
05700698346187,シーリングリングＯ2用,1個,個
04987270295908,ニプロスポンジスワブ　TYPE　S,20本,箱
,Tサンプルストックチューブ1.5ｍｌ,500本,箱
,タフスポットレーザー9.5　5色　RNBW-10000,3840枚,個
,タフスポット　レザー13　5色,3840枚,個
04562160401999,ディスポループⅡ10μL　　赤,1000本,箱
,ART疎水性フィルター付チップ　1000μｌ,96本ｘ8,箱
04560158203280,ピュアフロックウルトラ・スワブ,50本,箱
,12-tip　comb　for　96deep-welｌ　plate,50枚,箱
,elution　Strip　for　12　Pinmagnet,12ｘ2ｘ40,箱
,24deep-well　plate、sterile,6ｘ50,箱
,ART疎水性フィルターチップ　100μｌ,96本ｘ10,箱
,MicroAmp　Optical8-Cap　Strips,300Strips,箱
,MicroAmp　Optical8-Tube　Strips0.2ｍｌ,125Strips,箱
,ＲＮａｓｅＱｕｉｅｔ（ＲＮＡ除去剤）,475ｍｌ,本
,ハイパーマイクロチューブ丸底ハードタッチ,1000本,袋
,6-tip　comb　and　24deep-well　Pplate,12x6,箱
,elution　strip　cap　for　12　pin　magnet,40本,箱
,96deep-well　plate　sterile,50枚,箱
,KingFisher96　deep-well　plate　無滅菌,50枚,箱
,epT.I.P.SリロードPCRClean50-1250UL,96本ｘ10,箱
,自動温度記録計用紙（冷蔵庫用）,12巻,箱
,自動温度記録計用紙（冷凍庫用）,12巻,箱
,ポンプヘッドP0304W,1個,個
,試薬リザーバー　ClearAdvantage,50枚ｘ4,箱
,ART疎水性フィルター付チップ　20μｌ,96本ｘ10,箱
,ディスポループ1μL,1000本,箱
04589461477737,セルカウンター　フックスローゼンタール,10枚,箱
,384穴　UV　Ster　プレート,10枚ｘ4,箱
04560133241153,バイオプシーシート　B　包埋用,1200枚,箱
,パラワイプ,50枚,個
04517715181826,カバーグラス18ｘ18,200枚,個
04987562497096,インクリボンIR-STSP10,1イリ,個
04987562031054,マイクロスライド　MS-101W,3000枚,箱
04987562031061,マイクロスライド　MS-101Y,3000枚,箱
04987562031078,マイクロスライド　MS-101Ｐ,3000枚,箱
,バキュームフィルターセット　F60-689-00,セット,個
04987562408931,サンプルチューブ　SUC400A,3000個,箱
,OPTICAL8　TUBE　STRIP　W/CAPS,125ストリップス,箱
04987458318276,ネオチューブOP-CW0185-2（凝固）,100本,箱
04987502500701,インセパック　Ⅱ-D　SMD　520EF　（血糖）,100本,箱
04987763105790,セルホワイト　CL-50,100ｍｌｘ5,箱
,病理組織用　パラフィン,1kgｘ10,箱
04987458215131,ラボピタ　W20mmx30m,5巻,箱
,ディスポループ　10μL,1000本,箱
,滅菌ロングスポイト5ｍｌ,1000本,箱
04987270260951,スクイズチューブ＆滴下チップ（B）,100ﾃｽﾄ,箱
04946247421702,アールライン　ピンク,100枚,箱
04946247421603,アールライン　イエロー,100枚,箱
,LOGIQLEAN　つめかえパウチ　ハードタイプ,2KGX4,箱
04560165132597,滅菌PSスクリュースピッツ　キャップ付き,1000本,箱
04987481140530,富士クリーンチップ,6ｘ96本,箱
,頭皮スキンクリーム　NUPREP　114ｇ,3本,箱
04560133241825,ティシュー・テックO.C.Tコンパウンド,118mlx3,箱
04946247903604,ホルムパックHP-L,100枚,箱
04946247903703,ホルムパックHP-M,100枚,箱
04946247903802,ホルムパックHP-S,100枚,箱
,ネオチューブ　OP-HE0205,100本,箱
04580136601082,TMCカップ,2000イリ,箱
04560133242938,ホルマGOホルムアルデヒドテストキット,1ｾｯﾄ,箱
,トスロン完全密閉容器　丸型　20L　白,20L,個
,トスロン完全密閉容器　丸型　4L　白,4L,個
04580121590025,アイ・フィットマウスピース,100本,箱
,Paraplast　High　Melt,5kgx4,箱
,PYREXディスポーダブルガラス試験管,1000本,箱
04517715433314,トリミングナイフ　No.260,50枚,箱
04547410311433,FUJIFILMFJELLY　PLUS　MIDDLE(詰め替え用),２㎏×４,箱
04547410311495,FUJIFILMFJELLY　PLUS　HARD(詰め替え用),2kgx4,箱
,スウィープ・CA（4Kg）,4Kg,本
04946247474609,クレストグリーン20フロスト幅20×26㎜,100枚,枚
05700699060266,クロットキャッチャー(キャピラリー用)ABL90用,250個,個
,ESPO専用　耐容剤性樹脂スプーンリボン,2カン,カン
,1ｍlチャンバーセット200,カク200個,個
,スターフロスト水緑磨5146(ブルー),100枚,個
,バーコードラベル　YS3HN1-5030-20,2000マイ×3巻入り,枚
,チャットペーパー,52枚,箱
,サーマル超高感度記録紙ロール,5カン入り,個
04517715432010,パラベット,10×1㎏,箱
04980679197408,専用バイアル,１００ホン,箱
04980679197415,バイアルキャップ,200個,箱
04980679197422,フィルターキット,200ホン,箱
04980679197439,洗浄用フィルターキット,30コ,箱
04980679197446,LBC用スライドガラス,500マイ,箱
04582168579162,システムカセットⅡ‐M　分画ナシ　イエロ-,1000イリ,箱
04582168566551,システムカセットⅡ‐S　６分画　ホワイト,1000イリ,箱
04582168568845,システムカセットⅡ‐M　ヨコ2分画　ピンク,1000イリ,箱
04571166315544,システムカセットⅡ‐S　4分画　ライトグリーン,1000イリ,箱
04571166320098,システムカセットⅡ‐S　6分画　ブルー,1000イリ,箱
,ドライトランスポート・システム(青キャップ),100ホン,箱
,キムタオル　茶色　4つ折りタイプ,50マイ,箱
,インセパックⅡ‐D　SMD　520N　ミドリST,100本入り,箱
,心電図電極用ディスポパッド[ゲレクトS]　胸部用,6個×24パック入,個
,ClipTip&#8482; Filtered 384-Format Pipette Tips,384×10,箱
,NEW ART300 フィルターチップ-300ul,960ホン,箱
,NEW ARTXLP200 フィルターチップ200ul,968ホン,箱
,MASコート　スライドグラス　イエロー20,100マイ,個
,無滅菌3MLスポイト,250本×8袋,箱
